asset_id,channel,file,archive_path,external_only,bytes,sha256,source_file,source_copy,readiness,readiness_holds,destination_status,source_sha256,width,height,pages
campaign-readme,instructions,downloads/publishing-kit/README.txt,README.txt,False,1645,f353e7473f5a2d7a386d3a80a2d0121990579f925818073434dbcbc2a9b42b13,campaign-data.js,,file_exported; activation_held,"REVIEW ONLY — NOT ACTIVATED. Technical claims, destination/form/tracking, audience, owner and human release approval remain required. Source URLs are unverified; no publishing or send authority.",source_provided_unverified,754ba9aeb0fcd8c69d1f595f418644921dd9428bb89fc8c09c9096e03ef28d96,,,
campaign-source,source data,downloads/publishing-kit/source-campaign.json,source-campaign.json,False,45550,1cb25ef7000537dd8aa5338d3d80904fb12a3efce31df6b61f4276068a9adfeb,campaign-data.js,CAMPAIGN,file_exported; activation_held,"REVIEW ONLY — NOT ACTIVATED. Technical claims, destination/form/tracking, audience, owner and human release approval remain required. Source URLs are unverified; no publishing or send authority.",source_provided_unverified,754ba9aeb0fcd8c69d1f595f418644921dd9428bb89fc8c09c9096e03ef28d96,,,
release-gates,evidence,downloads/publishing-kit/release-gates.json,release-gates.json,False,1468,f4026c4df7ffb0a71252dc063816148c48b99853ded6e0ba61f2859c2bf7996b,campaign-data.js,CAMPAIGN.gates,file_exported; activation_held,"REVIEW ONLY — NOT ACTIVATED. Technical claims, destination/form/tracking, audience, owner and human release approval remain required. Source URLs are unverified; no publishing or send authority.",source_provided_unverified,754ba9aeb0fcd8c69d1f595f418644921dd9428bb89fc8c09c9096e03ef28d96,,,
creative-provenance.json,source evidence,downloads/publishing-kit/evidence/creative-provenance.json,evidence/creative-provenance.json,False,8995,2292ef0427044ea3c8e93645e2c17396d3a94811978204afe07a4644d24bf4ba,creative-provenance.json,,file_exported; activation_held,"REVIEW ONLY — NOT ACTIVATED. Technical claims, destination/form/tracking, audience, owner and human release approval remain required. Source URLs are unverified; no publishing or send authority.",source_provided_unverified,2292ef0427044ea3c8e93645e2c17396d3a94811978204afe07a4644d24bf4ba,,,
w01,LinkedIn caption,downloads/publishing-kit/weeks/w01/caption.txt,weeks/w01/caption.txt,False,724,6d2be6b86ee778ce3609044e4b13fbb1b30469b7ac6cf31374d1e699e8d4190a,campaign-data.js,CAMPAIGN.weeks[id=w01].caption,file_exported; activation_held,"REVIEW ONLY — NOT ACTIVATED. Technical claims, destination/form/tracking, audience, owner and human release approval remain required. Source URLs are unverified; no publishing or send authority.",source_provided_unverified,754ba9aeb0fcd8c69d1f595f418644921dd9428bb89fc8c09c9096e03ef28d96,,,
w01,complete source copy,downloads/publishing-kit/weeks/w01/source-copy.json,weeks/w01/source-copy.json,False,1330,8eddc3e2945577ebee22ccdfef308a3aa63d97e316f04c017f8c3455691792ec,campaign-data.js,CAMPAIGN.weeks[id=w01],file_exported; activation_held,"REVIEW ONLY — NOT ACTIVATED. Technical claims, destination/form/tracking, audience, owner and human release approval remain required. Source URLs are unverified; no publishing or send authority.",source_provided_unverified,754ba9aeb0fcd8c69d1f595f418644921dd9428bb89fc8c09c9096e03ef28d96,,,
w01,instructions,downloads/publishing-kit/weeks/w01/README.txt,weeks/w01/README.txt,False,678,340852628691ebe10c4bd4d6db997d95be0d583d715e68ee78a2a84e37b58162,campaign-data.js,,file_exported; activation_held,"REVIEW ONLY — NOT ACTIVATED. Technical claims, destination/form/tracking, audience, owner and human release approval remain required. Source URLs are unverified; no publishing or send authority.",source_provided_unverified,754ba9aeb0fcd8c69d1f595f418644921dd9428bb89fc8c09c9096e03ef28d96,,,
w01-feed,social format export,downloads/publishing-kit/weeks/w01/w01-feed.png,weeks/w01/w01-feed.png,False,428172,67a81185626dc0f4d145cf04a35096d0a66754d64db777a74a2b62af4e8f8ec8,assets/exports/w01-feed.webp,CAMPAIGN.weeks[id=w01],file_exported; activation_held,"REVIEW ONLY — NOT ACTIVATED. Technical claims, destination/form/tracking, audience, owner and human release approval remain required. Source URLs are unverified; no publishing or send authority.",source_provided_unverified,df378eb8635f4d8e665287338202876d89b939fda15b5e81ed917106665cbb7a,1080,1350,
w01-square,social format export,downloads/publishing-kit/weeks/w01/w01-square.png,weeks/w01/w01-square.png,False,385624,e6b4a3b5f4f4c025e7b79658c303f10c26d7df4c602621584b054138d4cc5cf2,assets/exports/w01-square.webp,CAMPAIGN.weeks[id=w01],file_exported; activation_held,"REVIEW ONLY — NOT ACTIVATED. Technical claims, destination/form/tracking, audience, owner and human release approval remain required. Source URLs are unverified; no publishing or send authority.",source_provided_unverified,169fe1eda12818342edece49ec2dab0f4f184340b0ddeb2e868af4118d6d94c1,1080,1080,
w01-story,social format export,downloads/publishing-kit/weeks/w01/w01-story.png,weeks/w01/w01-story.png,False,517003,df791a7234937f13f500423e4bd1c5ae7a8c1afb2ac5092fbf3c83b58cab5358,assets/exports/w01-story.webp,CAMPAIGN.weeks[id=w01],file_exported; activation_held,"REVIEW ONLY — NOT ACTIVATED. Technical claims, destination/form/tracking, audience, owner and human release approval remain required. Source URLs are unverified; no publishing or send authority.",source_provided_unverified,e8cccbdda664b73234db127387cdd3a8be7472f1d4c7b204703b1934d48b290c,1080,1920,
w01-wide,social format export,downloads/publishing-kit/weeks/w01/w01-wide.png,weeks/w01/w01-wide.png,False,881390,d89fdacac8bc1aa909ff14969b2d5e2df11394e21aab4a32dd20662565799936,assets/exports/w01-wide.webp,CAMPAIGN.weeks[id=w01],file_exported; activation_held,"REVIEW ONLY — NOT ACTIVATED. Technical claims, destination/form/tracking, audience, owner and human release approval remain required. Source URLs are unverified; no publishing or send authority.",source_provided_unverified,1196ee5bde5ecd1a112094889f46afd00c311ac759cf57dd8826f51723ac542d,1600,900,
w02,LinkedIn caption,downloads/publishing-kit/weeks/w02/caption.txt,weeks/w02/caption.txt,False,687,dbe89d56f482599aa999ab53efccb06de84c33ac43477b229b54be4129697e42,campaign-data.js,CAMPAIGN.weeks[id=w02].caption,file_exported; activation_held,"REVIEW ONLY — NOT ACTIVATED. Technical claims, destination/form/tracking, audience, owner and human release approval remain required. Source URLs are unverified; no publishing or send authority.",source_provided_unverified,754ba9aeb0fcd8c69d1f595f418644921dd9428bb89fc8c09c9096e03ef28d96,,,
w02,complete source copy,downloads/publishing-kit/weeks/w02/source-copy.json,weeks/w02/source-copy.json,False,1314,779bda3bdc586f4e6e4e77d2e3b0c384e4dc4aa8e5df0f255d50c49d4ef2dbaa,campaign-data.js,CAMPAIGN.weeks[id=w02],file_exported; activation_held,"REVIEW ONLY — NOT ACTIVATED. Technical claims, destination/form/tracking, audience, owner and human release approval remain required. Source URLs are unverified; no publishing or send authority.",source_provided_unverified,754ba9aeb0fcd8c69d1f595f418644921dd9428bb89fc8c09c9096e03ef28d96,,,
w02,instructions,downloads/publishing-kit/weeks/w02/README.txt,weeks/w02/README.txt,False,675,766651341260a41b6d1df1a0936d34f1b5cf1326c4e2050309beb8045b9ce96d,campaign-data.js,,file_exported; activation_held,"REVIEW ONLY — NOT ACTIVATED. Technical claims, destination/form/tracking, audience, owner and human release approval remain required. Source URLs are unverified; no publishing or send authority.",source_provided_unverified,754ba9aeb0fcd8c69d1f595f418644921dd9428bb89fc8c09c9096e03ef28d96,,,
w02-feed,social format export,downloads/publishing-kit/weeks/w02/w02-feed.png,weeks/w02/w02-feed.png,False,681839,6ada66b3fa35341ad21227fad53d174e06334c32846607d4e4561130cb3229f6,assets/exports/w02-feed.webp,CAMPAIGN.weeks[id=w02],file_exported; activation_held,"REVIEW ONLY — NOT ACTIVATED. Technical claims, destination/form/tracking, audience, owner and human release approval remain required. Source URLs are unverified; no publishing or send authority.",source_provided_unverified,6dd983d7703a1f65f6d4225cfefad817c55ac4a8e8111307247f13a46e7119f1,1080,1350,
w02-square,social format export,downloads/publishing-kit/weeks/w02/w02-square.png,weeks/w02/w02-square.png,False,565674,9a1d0a89ec9633a9a20d4d2546a41f0dd32a4637b3e64312f78dc0b42a9ed2a0,assets/exports/w02-square.webp,CAMPAIGN.weeks[id=w02],file_exported; activation_held,"REVIEW ONLY — NOT ACTIVATED. Technical claims, destination/form/tracking, audience, owner and human release approval remain required. Source URLs are unverified; no publishing or send authority.",source_provided_unverified,e1e858f6d22338414e9e572a58c037a64648c3360cfd9d5a4825a56d93e7953b,1080,1080,
w02-story,social format export,downloads/publishing-kit/weeks/w02/w02-story.png,weeks/w02/w02-story.png,False,916836,e539a1658a96467091b589df3ecdd7be0455774b4ce1f556b2e56892914d4cfb,assets/exports/w02-story.webp,CAMPAIGN.weeks[id=w02],file_exported; activation_held,"REVIEW ONLY — NOT ACTIVATED. Technical claims, destination/form/tracking, audience, owner and human release approval remain required. Source URLs are unverified; no publishing or send authority.",source_provided_unverified,d08bf2b02c76e851180fc45f6efec6d743915a0492f24eeecd976b2468d2b38f,1080,1920,
w02-wide,social format export,downloads/publishing-kit/weeks/w02/w02-wide.png,weeks/w02/w02-wide.png,False,937979,ae35f5d477e8746565b69ff33af6adf3ea18fbf243acdc1c9cc43e11ead362f4,assets/exports/w02-wide.webp,CAMPAIGN.weeks[id=w02],file_exported; activation_held,"REVIEW ONLY — NOT ACTIVATED. Technical claims, destination/form/tracking, audience, owner and human release approval remain required. Source URLs are unverified; no publishing or send authority.",source_provided_unverified,45316dfa63e950147ab673894f9474fd7ab6256f696e42adc21ec8755505828b,1600,900,
w03,LinkedIn caption,downloads/publishing-kit/weeks/w03/caption.txt,weeks/w03/caption.txt,False,691,b5007268c4f313a6d4e7e4106ea4af606399fd35a266af0aae023c4bd9cb4ef1,campaign-data.js,CAMPAIGN.weeks[id=w03].caption,file_exported; activation_held,"REVIEW ONLY — NOT ACTIVATED. Technical claims, destination/form/tracking, audience, owner and human release approval remain required. Source URLs are unverified; no publishing or send authority.",source_provided_unverified,754ba9aeb0fcd8c69d1f595f418644921dd9428bb89fc8c09c9096e03ef28d96,,,
w03,complete source copy,downloads/publishing-kit/weeks/w03/source-copy.json,weeks/w03/source-copy.json,False,1389,5858e8c7de5710b6b04a69aaaaf2eb45d76bdaee786be9aea45d0debc90e9955,campaign-data.js,CAMPAIGN.weeks[id=w03],file_exported; activation_held,"REVIEW ONLY — NOT ACTIVATED. Technical claims, destination/form/tracking, audience, owner and human release approval remain required. Source URLs are unverified; no publishing or send authority.",source_provided_unverified,754ba9aeb0fcd8c69d1f595f418644921dd9428bb89fc8c09c9096e03ef28d96,,,
w03,instructions,downloads/publishing-kit/weeks/w03/README.txt,weeks/w03/README.txt,False,731,a616b1dcf1f2589319462980fc83565898a85d650c79def37e0a86d60d77acc7,campaign-data.js,,file_exported; activation_held,"REVIEW ONLY — NOT ACTIVATED. Technical claims, destination/form/tracking, audience, owner and human release approval remain required. Source URLs are unverified; no publishing or send authority.",source_provided_unverified,754ba9aeb0fcd8c69d1f595f418644921dd9428bb89fc8c09c9096e03ef28d96,,,
w03-feed,social format export,downloads/publishing-kit/weeks/w03/w03-feed.png,weeks/w03/w03-feed.png,False,627764,99ffee08a9c217340616afbeb0817142cd0ea2fbe5e990adb8f00ee6f3e8abc1,assets/exports/w03-feed.webp,CAMPAIGN.weeks[id=w03],file_exported; activation_held,"REVIEW ONLY — NOT ACTIVATED. Technical claims, destination/form/tracking, audience, owner and human release approval remain required. Source URLs are unverified; no publishing or send authority.",source_provided_unverified,1bc89bffd3ff6168b9b2d39bf8ddf07a1e6eec60ca85bbdd2f6c015f6f8c3921,1080,1350,
w03-square,social format export,downloads/publishing-kit/weeks/w03/w03-square.png,weeks/w03/w03-square.png,False,535516,a04e8a8b919fcbd43ce4ebaa723b438100c9ac6e489adc8e8fe345cc509d7196,assets/exports/w03-square.webp,CAMPAIGN.weeks[id=w03],file_exported; activation_held,"REVIEW ONLY — NOT ACTIVATED. Technical claims, destination/form/tracking, audience, owner and human release approval remain required. Source URLs are unverified; no publishing or send authority.",source_provided_unverified,79eff833b569e96644af2693f7c15e5e671ffbd5d5ed4cb9c56a1efb8fbb517f,1080,1080,
w03-story,social format export,downloads/publishing-kit/weeks/w03/w03-story.png,weeks/w03/w03-story.png,False,801165,06bd814afd8868e2d5f9aedb6f73a99852437b945a33d091f724232e6db0a1e4,assets/exports/w03-story.webp,CAMPAIGN.weeks[id=w03],file_exported; activation_held,"REVIEW ONLY — NOT ACTIVATED. Technical claims, destination/form/tracking, audience, owner and human release approval remain required. Source URLs are unverified; no publishing or send authority.",source_provided_unverified,9b6776ccffd77b024de81225dbb13396ed379b892f0ab68eb052965c48712bef,1080,1920,
w03-wide,social format export,downloads/publishing-kit/weeks/w03/w03-wide.png,weeks/w03/w03-wide.png,False,744336,5529fc0c4f2f98d7136ed1b4c8b26a4a0513c0497dca7c5f0100c031749c7b7a,assets/exports/w03-wide.webp,CAMPAIGN.weeks[id=w03],file_exported; activation_held,"REVIEW ONLY — NOT ACTIVATED. Technical claims, destination/form/tracking, audience, owner and human release approval remain required. Source URLs are unverified; no publishing or send authority.",source_provided_unverified,0b4308372f284991d7bfc51479fd77d15a340e98349772ee9f252eb30fff696d,1600,900,
w04,LinkedIn caption,downloads/publishing-kit/weeks/w04/caption.txt,weeks/w04/caption.txt,False,688,ab7a282b6b9888f034565ef4ada71c15997a84a49a07ee32be021e9cf38842fb,campaign-data.js,CAMPAIGN.weeks[id=w04].caption,file_exported; activation_held,"REVIEW ONLY — NOT ACTIVATED. Technical claims, destination/form/tracking, audience, owner and human release approval remain required. Source URLs are unverified; no publishing or send authority.",source_provided_unverified,754ba9aeb0fcd8c69d1f595f418644921dd9428bb89fc8c09c9096e03ef28d96,,,
w04,complete source copy,downloads/publishing-kit/weeks/w04/source-copy.json,weeks/w04/source-copy.json,False,1327,b19e27beb81c5465962aa1df399b453ab7c8957d701b230f233f0f44867d961e,campaign-data.js,CAMPAIGN.weeks[id=w04],file_exported; activation_held,"REVIEW ONLY — NOT ACTIVATED. Technical claims, destination/form/tracking, audience, owner and human release approval remain required. Source URLs are unverified; no publishing or send authority.",source_provided_unverified,754ba9aeb0fcd8c69d1f595f418644921dd9428bb89fc8c09c9096e03ef28d96,,,
w04,instructions,downloads/publishing-kit/weeks/w04/README.txt,weeks/w04/README.txt,False,694,956c59d2ff602092aa5947b5201d64a66afe44127cc9ca177a009c0b5f0b6c40,campaign-data.js,,file_exported; activation_held,"REVIEW ONLY — NOT ACTIVATED. Technical claims, destination/form/tracking, audience, owner and human release approval remain required. Source URLs are unverified; no publishing or send authority.",source_provided_unverified,754ba9aeb0fcd8c69d1f595f418644921dd9428bb89fc8c09c9096e03ef28d96,,,
w04-feed,social format export,downloads/publishing-kit/weeks/w04/w04-feed.png,weeks/w04/w04-feed.png,False,961296,76c7d18c5e46e833e86ac1ac7fdbabf8ff3d8f1f7bbd122c39e98787d7c8af89,assets/exports/w04-feed.webp,CAMPAIGN.weeks[id=w04],file_exported; activation_held,"REVIEW ONLY — NOT ACTIVATED. Technical claims, destination/form/tracking, audience, owner and human release approval remain required. Source URLs are unverified; no publishing or send authority.",source_provided_unverified,000e9fcf4a994bead2e8beebaa0c0a9b0aa3c46025a1931a2268c48c06125ae1,1080,1350,
w04-square,social format export,downloads/publishing-kit/weeks/w04/w04-square.png,weeks/w04/w04-square.png,False,789302,80ffaed044ba687bb116ca06c81bac866182b13b3c3fddc3b0afdaaa0314ae88,assets/exports/w04-square.webp,CAMPAIGN.weeks[id=w04],file_exported; activation_held,"REVIEW ONLY — NOT ACTIVATED. Technical claims, destination/form/tracking, audience, owner and human release approval remain required. Source URLs are unverified; no publishing or send authority.",source_provided_unverified,96045a22bbacec48638f20a1a826a67188f080a74e0bcc59e756e673ccb9fb47,1080,1080,
w04-story,social format export,downloads/publishing-kit/weeks/w04/w04-story.png,weeks/w04/w04-story.png,False,1340145,ca4516a79fb599832b0cab2e1e749a3ccc7b026283ee421ef47f5581bc140c08,assets/exports/w04-story.webp,CAMPAIGN.weeks[id=w04],file_exported; activation_held,"REVIEW ONLY — NOT ACTIVATED. Technical claims, destination/form/tracking, audience, owner and human release approval remain required. Source URLs are unverified; no publishing or send authority.",source_provided_unverified,c8b731d6e85495cace2811024a568d60333e70f504d1e172848d4b22e529e154,1080,1920,
w04-wide,social format export,downloads/publishing-kit/weeks/w04/w04-wide.png,weeks/w04/w04-wide.png,False,1355111,b77bd0d32255c743458d4160ab3d230351696e3e1a216da90acc89dedac88956,assets/exports/w04-wide.webp,CAMPAIGN.weeks[id=w04],file_exported; activation_held,"REVIEW ONLY — NOT ACTIVATED. Technical claims, destination/form/tracking, audience, owner and human release approval remain required. Source URLs are unverified; no publishing or send authority.",source_provided_unverified,049d17b619e2ad8da230a0f9bee2c8de56d08ccc839e11d860b19c09a32d7bdd,1600,900,
w05,LinkedIn caption,downloads/publishing-kit/weeks/w05/caption.txt,weeks/w05/caption.txt,False,688,949d06d931c3b3341abee9fe13a1a855483153a1529ebdff6f2cdaebad5b1175,campaign-data.js,CAMPAIGN.weeks[id=w05].caption,file_exported; activation_held,"REVIEW ONLY — NOT ACTIVATED. Technical claims, destination/form/tracking, audience, owner and human release approval remain required. Source URLs are unverified; no publishing or send authority.",source_provided_unverified,754ba9aeb0fcd8c69d1f595f418644921dd9428bb89fc8c09c9096e03ef28d96,,,
w05,complete source copy,downloads/publishing-kit/weeks/w05/source-copy.json,weeks/w05/source-copy.json,False,1334,a272e4ff62e379e54b10c41b2cea3bce87aa94ec93448f65d348c6d6c68f7ab0,campaign-data.js,CAMPAIGN.weeks[id=w05],file_exported; activation_held,"REVIEW ONLY — NOT ACTIVATED. Technical claims, destination/form/tracking, audience, owner and human release approval remain required. Source URLs are unverified; no publishing or send authority.",source_provided_unverified,754ba9aeb0fcd8c69d1f595f418644921dd9428bb89fc8c09c9096e03ef28d96,,,
w05,instructions,downloads/publishing-kit/weeks/w05/README.txt,weeks/w05/README.txt,False,718,8b7fedeabc3ef0c0a4213231b873935a40769c5f3f748a73feed5784ce7885a5,campaign-data.js,,file_exported; activation_held,"REVIEW ONLY — NOT ACTIVATED. Technical claims, destination/form/tracking, audience, owner and human release approval remain required. Source URLs are unverified; no publishing or send authority.",source_provided_unverified,754ba9aeb0fcd8c69d1f595f418644921dd9428bb89fc8c09c9096e03ef28d96,,,
w05-feed,social format export,downloads/publishing-kit/weeks/w05/w05-feed.png,weeks/w05/w05-feed.png,False,448607,e11edb154cd9194da807f68e4db767bff780b694e126db6d7c9ff15a98cd1e9e,assets/exports/w05-feed.webp,CAMPAIGN.weeks[id=w05],file_exported; activation_held,"REVIEW ONLY — NOT ACTIVATED. Technical claims, destination/form/tracking, audience, owner and human release approval remain required. Source URLs are unverified; no publishing or send authority.",source_provided_unverified,5e2f29c28e0131c52ee556f87d9f900e7c8bf11d25f0584b8f533ffb5f2d180c,1080,1350,
w05-square,social format export,downloads/publishing-kit/weeks/w05/w05-square.png,weeks/w05/w05-square.png,False,427905,bb048c6316b9fdbe13a41ba10fb3504e42c84279fd3728ab080d66ffb2f5bc97,assets/exports/w05-square.webp,CAMPAIGN.weeks[id=w05],file_exported; activation_held,"REVIEW ONLY — NOT ACTIVATED. Technical claims, destination/form/tracking, audience, owner and human release approval remain required. Source URLs are unverified; no publishing or send authority.",source_provided_unverified,82b5b4453779e8ba4a65eebd1e2a3ee87eef80e75388c9c61bbde59539cefd8c,1080,1080,
w05-story,social format export,downloads/publishing-kit/weeks/w05/w05-story.png,weeks/w05/w05-story.png,False,544337,1b439d2bc815374141847029a4bc4e7eae07cf9c0567561d03362f35121791b5,assets/exports/w05-story.webp,CAMPAIGN.weeks[id=w05],file_exported; activation_held,"REVIEW ONLY — NOT ACTIVATED. Technical claims, destination/form/tracking, audience, owner and human release approval remain required. Source URLs are unverified; no publishing or send authority.",source_provided_unverified,6b8f0544eb73808031d268260b2a21d8ab06341841eaaa1f744d86f22879139f,1080,1920,
w05-wide,social format export,downloads/publishing-kit/weeks/w05/w05-wide.png,weeks/w05/w05-wide.png,False,1012877,c37523a8a97fa600d2a32cd04e462270e5d5a02436fa9eb7d602654cf23229ca,assets/exports/w05-wide.webp,CAMPAIGN.weeks[id=w05],file_exported; activation_held,"REVIEW ONLY — NOT ACTIVATED. Technical claims, destination/form/tracking, audience, owner and human release approval remain required. Source URLs are unverified; no publishing or send authority.",source_provided_unverified,b938954aef5b436d02d7b54d8d12bc1c97967db629ed798dc6bc382323999aec,1600,900,
w06,LinkedIn caption,downloads/publishing-kit/weeks/w06/caption.txt,weeks/w06/caption.txt,False,702,8997c49cb61095ba1ec02615f5750d044281fb7d33644fae702df3c7e6716a7b,campaign-data.js,CAMPAIGN.weeks[id=w06].caption,file_exported; activation_held,"REVIEW ONLY — NOT ACTIVATED. Technical claims, destination/form/tracking, audience, owner and human release approval remain required. Source URLs are unverified; no publishing or send authority.",source_provided_unverified,754ba9aeb0fcd8c69d1f595f418644921dd9428bb89fc8c09c9096e03ef28d96,,,
w06,complete source copy,downloads/publishing-kit/weeks/w06/source-copy.json,weeks/w06/source-copy.json,False,1371,5fd75b0eab5aa7abfc20d980c27fd5680cc4251ee76dd6f3e3a763114a04ba44,campaign-data.js,CAMPAIGN.weeks[id=w06],file_exported; activation_held,"REVIEW ONLY — NOT ACTIVATED. Technical claims, destination/form/tracking, audience, owner and human release approval remain required. Source URLs are unverified; no publishing or send authority.",source_provided_unverified,754ba9aeb0fcd8c69d1f595f418644921dd9428bb89fc8c09c9096e03ef28d96,,,
w06,instructions,downloads/publishing-kit/weeks/w06/README.txt,weeks/w06/README.txt,False,725,59f2d2dd1366bb06ac1f789b02d1434caaec9ad57cd67a0154273fbf666f2425,campaign-data.js,,file_exported; activation_held,"REVIEW ONLY — NOT ACTIVATED. Technical claims, destination/form/tracking, audience, owner and human release approval remain required. Source URLs are unverified; no publishing or send authority.",source_provided_unverified,754ba9aeb0fcd8c69d1f595f418644921dd9428bb89fc8c09c9096e03ef28d96,,,
w06-feed,social format export,downloads/publishing-kit/weeks/w06/w06-feed.png,weeks/w06/w06-feed.png,False,664832,26b2c3c84706ac8c8e23be296353f7299be75bdf929b87e00733aead0b56e6e3,assets/exports/w06-feed.webp,CAMPAIGN.weeks[id=w06],file_exported; activation_held,"REVIEW ONLY — NOT ACTIVATED. Technical claims, destination/form/tracking, audience, owner and human release approval remain required. Source URLs are unverified; no publishing or send authority.",source_provided_unverified,651827b6f6c820a46663749e2ca634e79031c7c0547bafec2bca70cb98bc8135,1080,1350,
w06-square,social format export,downloads/publishing-kit/weeks/w06/w06-square.png,weeks/w06/w06-square.png,False,602131,ef59ec7141ef7d0106e65a2518a1e9309632a8c478f0abe2c546dc44bf65b09d,assets/exports/w06-square.webp,CAMPAIGN.weeks[id=w06],file_exported; activation_held,"REVIEW ONLY — NOT ACTIVATED. Technical claims, destination/form/tracking, audience, owner and human release approval remain required. Source URLs are unverified; no publishing or send authority.",source_provided_unverified,66e2f0b79d88614612d72af27294d6dedebe5d1ca05e495a607044dc260c9326,1080,1080,
w06-story,social format export,downloads/publishing-kit/weeks/w06/w06-story.png,weeks/w06/w06-story.png,False,829373,447c119d750ed9bf9864923434f09e6c0572caa60663bd9d305c536cc49c0a18,assets/exports/w06-story.webp,CAMPAIGN.weeks[id=w06],file_exported; activation_held,"REVIEW ONLY — NOT ACTIVATED. Technical claims, destination/form/tracking, audience, owner and human release approval remain required. Source URLs are unverified; no publishing or send authority.",source_provided_unverified,675e30b884b86fbca9bdf7e89dfd1ec8eb11add27e0e63d0644e31f16215cc34,1080,1920,
w06-wide,social format export,downloads/publishing-kit/weeks/w06/w06-wide.png,weeks/w06/w06-wide.png,False,1103462,b9cbedfaf7a970b20fce74eea5f11941fe681548cd8172882be125cf6780ca6d,assets/exports/w06-wide.webp,CAMPAIGN.weeks[id=w06],file_exported; activation_held,"REVIEW ONLY — NOT ACTIVATED. Technical claims, destination/form/tracking, audience, owner and human release approval remain required. Source URLs are unverified; no publishing or send authority.",source_provided_unverified,a85ead120e130816254b31ef3996080891d3ab80873b58d9ab99ab0f2b9fc5f5,1600,900,
w07,LinkedIn caption,downloads/publishing-kit/weeks/w07/caption.txt,weeks/w07/caption.txt,False,620,f7ff07b39a783c9b399203f36b436898d23c6fd3d94cbae8f90aa189007516b5,campaign-data.js,CAMPAIGN.weeks[id=w07].caption,file_exported; activation_held,"REVIEW ONLY — NOT ACTIVATED. Technical claims, destination/form/tracking, audience, owner and human release approval remain required. Source URLs are unverified; no publishing or send authority.",source_provided_unverified,754ba9aeb0fcd8c69d1f595f418644921dd9428bb89fc8c09c9096e03ef28d96,,,
w07,complete source copy,downloads/publishing-kit/weeks/w07/source-copy.json,weeks/w07/source-copy.json,False,1285,27d82adcd37ef7243c33ffc0ba8c38f5af298f68fb09313274017636bea54ca3,campaign-data.js,CAMPAIGN.weeks[id=w07],file_exported; activation_held,"REVIEW ONLY — NOT ACTIVATED. Technical claims, destination/form/tracking, audience, owner and human release approval remain required. Source URLs are unverified; no publishing or send authority.",source_provided_unverified,754ba9aeb0fcd8c69d1f595f418644921dd9428bb89fc8c09c9096e03ef28d96,,,
w07,instructions,downloads/publishing-kit/weeks/w07/README.txt,weeks/w07/README.txt,False,715,e0b3a46ebe6c8e6e13d28decf65595c870426aa867127cfb0c7643d2730d7a4c,campaign-data.js,,file_exported; activation_held,"REVIEW ONLY — NOT ACTIVATED. Technical claims, destination/form/tracking, audience, owner and human release approval remain required. Source URLs are unverified; no publishing or send authority.",source_provided_unverified,754ba9aeb0fcd8c69d1f595f418644921dd9428bb89fc8c09c9096e03ef28d96,,,
w07-feed,social format export,downloads/publishing-kit/weeks/w07/w07-feed.png,weeks/w07/w07-feed.png,False,791090,e7843a660fa73f599fc1d5928641005847ec125245b55b36addb72bc1bbe909f,assets/exports/w07-feed.webp,CAMPAIGN.weeks[id=w07],file_exported; activation_held,"REVIEW ONLY — NOT ACTIVATED. Technical claims, destination/form/tracking, audience, owner and human release approval remain required. Source URLs are unverified; no publishing or send authority.",source_provided_unverified,ecebfead6f3b37a7ae7b9d59c54813e195a64b9e74116b42e4ce6705f54e789a,1080,1350,
w07-square,social format export,downloads/publishing-kit/weeks/w07/w07-square.png,weeks/w07/w07-square.png,False,689341,755cccadf0043a2c87d31308bf07f95dc2635e9594726833d1b070062f603afc,assets/exports/w07-square.webp,CAMPAIGN.weeks[id=w07],file_exported; activation_held,"REVIEW ONLY — NOT ACTIVATED. Technical claims, destination/form/tracking, audience, owner and human release approval remain required. Source URLs are unverified; no publishing or send authority.",source_provided_unverified,35ce98984b19b04a1f2bef8a812c142e8a3bea6164582c0b8e401f3d9c4bcca1,1080,1080,
w07-story,social format export,downloads/publishing-kit/weeks/w07/w07-story.png,weeks/w07/w07-story.png,False,1023716,c3563b60a8eac3b207c544a444c90247de5f3976a5073fd71bc0c33d77b16a6a,assets/exports/w07-story.webp,CAMPAIGN.weeks[id=w07],file_exported; activation_held,"REVIEW ONLY — NOT ACTIVATED. Technical claims, destination/form/tracking, audience, owner and human release approval remain required. Source URLs are unverified; no publishing or send authority.",source_provided_unverified,ef0c1003015ca869b2859dec3f08a394540b949f544e3f797ef6f59f5a98ef4e,1080,1920,
w07-wide,social format export,downloads/publishing-kit/weeks/w07/w07-wide.png,weeks/w07/w07-wide.png,False,1282678,894eb76dd9a66cc7c39cc25337520a1836e637455eb3e4fa41a1aa5bfb2ce7ff,assets/exports/w07-wide.webp,CAMPAIGN.weeks[id=w07],file_exported; activation_held,"REVIEW ONLY — NOT ACTIVATED. Technical claims, destination/form/tracking, audience, owner and human release approval remain required. Source URLs are unverified; no publishing or send authority.",source_provided_unverified,3ad3e77953987a8b45dcd6e94b17c86c4b151a5ef0369372b5b90dd14b91f54e,1600,900,
w08,LinkedIn caption,downloads/publishing-kit/weeks/w08/caption.txt,weeks/w08/caption.txt,False,664,db964bc20a298282dddf7ded9ef1c46ee669dd9ddae1b9a78f1001fae15fbf41,campaign-data.js,CAMPAIGN.weeks[id=w08].caption,file_exported; activation_held,"REVIEW ONLY — NOT ACTIVATED. Technical claims, destination/form/tracking, audience, owner and human release approval remain required. Source URLs are unverified; no publishing or send authority.",source_provided_unverified,754ba9aeb0fcd8c69d1f595f418644921dd9428bb89fc8c09c9096e03ef28d96,,,
w08,complete source copy,downloads/publishing-kit/weeks/w08/source-copy.json,weeks/w08/source-copy.json,False,1309,1b5049be3eae74729e07cedd003313e8b6457b1849cafc83071db2b325920685,campaign-data.js,CAMPAIGN.weeks[id=w08],file_exported; activation_held,"REVIEW ONLY — NOT ACTIVATED. Technical claims, destination/form/tracking, audience, owner and human release approval remain required. Source URLs are unverified; no publishing or send authority.",source_provided_unverified,754ba9aeb0fcd8c69d1f595f418644921dd9428bb89fc8c09c9096e03ef28d96,,,
w08,instructions,downloads/publishing-kit/weeks/w08/README.txt,weeks/w08/README.txt,False,711,b836a5bbbd8869b0125c6f84febefa9e31451c2230afd04fe27878249f63c62a,campaign-data.js,,file_exported; activation_held,"REVIEW ONLY — NOT ACTIVATED. Technical claims, destination/form/tracking, audience, owner and human release approval remain required. Source URLs are unverified; no publishing or send authority.",source_provided_unverified,754ba9aeb0fcd8c69d1f595f418644921dd9428bb89fc8c09c9096e03ef28d96,,,
w08-feed,social format export,downloads/publishing-kit/weeks/w08/w08-feed.png,weeks/w08/w08-feed.png,False,325559,0a4cdfa2341890d1740c3c5edbcc5bc3a7518f54e801c34547c47e449fd7bb13,assets/exports/w08-feed.webp,CAMPAIGN.weeks[id=w08],file_exported; activation_held,"REVIEW ONLY — NOT ACTIVATED. Technical claims, destination/form/tracking, audience, owner and human release approval remain required. Source URLs are unverified; no publishing or send authority.",source_provided_unverified,69267afcaec25aa9b0782deaa7ec5584496449c5d953ba22f4a4b7e99699286e,1080,1350,
w08-square,social format export,downloads/publishing-kit/weeks/w08/w08-square.png,weeks/w08/w08-square.png,False,315641,66df69900738c0057c9509902c6a8801b51f16a7b077e3637a2317e59adfa016,assets/exports/w08-square.webp,CAMPAIGN.weeks[id=w08],file_exported; activation_held,"REVIEW ONLY — NOT ACTIVATED. Technical claims, destination/form/tracking, audience, owner and human release approval remain required. Source URLs are unverified; no publishing or send authority.",source_provided_unverified,bae7dcf561569dd13d026334cef5a34d1c567ec553c631791a870e864f0a1b4c,1080,1080,
w08-story,social format export,downloads/publishing-kit/weeks/w08/w08-story.png,weeks/w08/w08-story.png,False,370692,ff63835d28def64dec8b919b5f909af4436f4673ab7404053adc0540a6cdb28d,assets/exports/w08-story.webp,CAMPAIGN.weeks[id=w08],file_exported; activation_held,"REVIEW ONLY — NOT ACTIVATED. Technical claims, destination/form/tracking, audience, owner and human release approval remain required. Source URLs are unverified; no publishing or send authority.",source_provided_unverified,5c73e7dba47679a8a6c40fb4d6d6d251a4251070934a3d76ac33e54e03bcc60c,1080,1920,
w08-wide,social format export,downloads/publishing-kit/weeks/w08/w08-wide.png,weeks/w08/w08-wide.png,False,792802,62bc7d6aa33ead9864edc9ecc09e7e6ce38f0a695f7bff656e579b4df3d28a9f,assets/exports/w08-wide.webp,CAMPAIGN.weeks[id=w08],file_exported; activation_held,"REVIEW ONLY — NOT ACTIVATED. Technical claims, destination/form/tracking, audience, owner and human release approval remain required. Source URLs are unverified; no publishing or send authority.",source_provided_unverified,cff0c4b9447b76894d4dee90ef7adffd4d9ed25b7d8193b6d4de946f027a7c2d,1600,900,
w09,LinkedIn caption,downloads/publishing-kit/weeks/w09/caption.txt,weeks/w09/caption.txt,False,698,3ab59f760d5489db3a50b2fc2e26e494e5f5883dfe0d0679186fc8e77c73d724,campaign-data.js,CAMPAIGN.weeks[id=w09].caption,file_exported; activation_held,"REVIEW ONLY — NOT ACTIVATED. Technical claims, destination/form/tracking, audience, owner and human release approval remain required. Source URLs are unverified; no publishing or send authority.",source_provided_unverified,754ba9aeb0fcd8c69d1f595f418644921dd9428bb89fc8c09c9096e03ef28d96,,,
w09,complete source copy,downloads/publishing-kit/weeks/w09/source-copy.json,weeks/w09/source-copy.json,False,1420,0fb3d746b581908f16a63e579113821421bc302da9cce1c4329fe78e71b757a7,campaign-data.js,CAMPAIGN.weeks[id=w09],file_exported; activation_held,"REVIEW ONLY — NOT ACTIVATED. Technical claims, destination/form/tracking, audience, owner and human release approval remain required. Source URLs are unverified; no publishing or send authority.",source_provided_unverified,754ba9aeb0fcd8c69d1f595f418644921dd9428bb89fc8c09c9096e03ef28d96,,,
w09,instructions,downloads/publishing-kit/weeks/w09/README.txt,weeks/w09/README.txt,False,751,39994ed2432d76e9fa79ee661fe0e49021afa57876c0943506953e4a31f378ff,campaign-data.js,,file_exported; activation_held,"REVIEW ONLY — NOT ACTIVATED. Technical claims, destination/form/tracking, audience, owner and human release approval remain required. Source URLs are unverified; no publishing or send authority.",source_provided_unverified,754ba9aeb0fcd8c69d1f595f418644921dd9428bb89fc8c09c9096e03ef28d96,,,
w09-feed,social format export,downloads/publishing-kit/weeks/w09/w09-feed.png,weeks/w09/w09-feed.png,False,614510,154526185aaedb7b78948c2c47cff895ee68b5f816cea8dde62748516c59acd9,assets/exports/w09-feed.webp,CAMPAIGN.weeks[id=w09],file_exported; activation_held,"REVIEW ONLY — NOT ACTIVATED. Technical claims, destination/form/tracking, audience, owner and human release approval remain required. Source URLs are unverified; no publishing or send authority.",source_provided_unverified,f664bea98d168c3ec1e8c52781708a09bdb3542baa077292cf2ab3a3f9214212,1080,1350,
w09-square,social format export,downloads/publishing-kit/weeks/w09/w09-square.png,weeks/w09/w09-square.png,False,528666,00cd8a4cf2099778054b217e3cd673aa0a65067d5ede282fe2f67897ad7ef5c6,assets/exports/w09-square.webp,CAMPAIGN.weeks[id=w09],file_exported; activation_held,"REVIEW ONLY — NOT ACTIVATED. Technical claims, destination/form/tracking, audience, owner and human release approval remain required. Source URLs are unverified; no publishing or send authority.",source_provided_unverified,bb9376697725249b7fb442badb2b850a64df2561150e58aa86d371680aa16ff9,1080,1080,
w09-story,social format export,downloads/publishing-kit/weeks/w09/w09-story.png,weeks/w09/w09-story.png,False,802217,5cd3596adf69d0229fc7c9d95ec3246b5e893f2da286e2bf3528100c4ee51484,assets/exports/w09-story.webp,CAMPAIGN.weeks[id=w09],file_exported; activation_held,"REVIEW ONLY — NOT ACTIVATED. Technical claims, destination/form/tracking, audience, owner and human release approval remain required. Source URLs are unverified; no publishing or send authority.",source_provided_unverified,0588b7028efe8e952cc44dd9a4a6c11d313b4207b4cb5132ae5a8c90b0bfa4bb,1080,1920,
w09-wide,social format export,downloads/publishing-kit/weeks/w09/w09-wide.png,weeks/w09/w09-wide.png,False,730023,47be93d98396c917364f5a6fb05a788f0307d6cb2bbc7f98f397ad81bd74d40b,assets/exports/w09-wide.webp,CAMPAIGN.weeks[id=w09],file_exported; activation_held,"REVIEW ONLY — NOT ACTIVATED. Technical claims, destination/form/tracking, audience, owner and human release approval remain required. Source URLs are unverified; no publishing or send authority.",source_provided_unverified,e205b4919283db7bb5a38fea3685e81e74bfd2216ca1d0a48c832e1095c9542b,1600,900,
w10,LinkedIn caption,downloads/publishing-kit/weeks/w10/caption.txt,weeks/w10/caption.txt,False,660,00969641fa42a5c6905b474f3461a4fdd4d4079f336dad75b2919836afc4cf2f,campaign-data.js,CAMPAIGN.weeks[id=w10].caption,file_exported; activation_held,"REVIEW ONLY — NOT ACTIVATED. Technical claims, destination/form/tracking, audience, owner and human release approval remain required. Source URLs are unverified; no publishing or send authority.",source_provided_unverified,754ba9aeb0fcd8c69d1f595f418644921dd9428bb89fc8c09c9096e03ef28d96,,,
w10,complete source copy,downloads/publishing-kit/weeks/w10/source-copy.json,weeks/w10/source-copy.json,False,1337,80c74397097e1ade4711251bd446e03c5c838e2dbe88ec5c0d76e198df2dfdeb,campaign-data.js,CAMPAIGN.weeks[id=w10],file_exported; activation_held,"REVIEW ONLY — NOT ACTIVATED. Technical claims, destination/form/tracking, audience, owner and human release approval remain required. Source URLs are unverified; no publishing or send authority.",source_provided_unverified,754ba9aeb0fcd8c69d1f595f418644921dd9428bb89fc8c09c9096e03ef28d96,,,
w10,instructions,downloads/publishing-kit/weeks/w10/README.txt,weeks/w10/README.txt,False,881,2c61203aa835f5d432df98c69d894892104a98297acf8feafdce0133cf0d98b3,campaign-data.js,,file_exported; activation_held,"REVIEW ONLY — NOT ACTIVATED. Technical claims, destination/form/tracking, audience, owner and human release approval remain required. Source URLs are unverified; no publishing or send authority.",source_provided_unverified,754ba9aeb0fcd8c69d1f595f418644921dd9428bb89fc8c09c9096e03ef28d96,,,
w10-feed,social format export,downloads/publishing-kit/weeks/w10/w10-feed.png,weeks/w10/w10-feed.png,False,425335,70a0aca289f5121e402ad61f67debeeabd1abbe67fe0171d527850f7642e0dd2,assets/exports/w10-feed.webp,CAMPAIGN.weeks[id=w10],file_exported; activation_held,"REVIEW ONLY — NOT ACTIVATED. Technical claims, destination/form/tracking, audience, owner and human release approval remain required. Source URLs are unverified; no publishing or send authority.",source_provided_unverified,c7e9e8d43f947ce0ae489cc2c038bdbeece4e20e4f6e318b2472de5c85e2bce8,1080,1350,
w10-square,social format export,downloads/publishing-kit/weeks/w10/w10-square.png,weeks/w10/w10-square.png,False,385339,5c6ff7cb6cf6231d631d8c251ff185f097509ed0875998ab87d09d3661417867,assets/exports/w10-square.webp,CAMPAIGN.weeks[id=w10],file_exported; activation_held,"REVIEW ONLY — NOT ACTIVATED. Technical claims, destination/form/tracking, audience, owner and human release approval remain required. Source URLs are unverified; no publishing or send authority.",source_provided_unverified,67e9da6ff5b61b5095003aad210bbe43602e5d7d4e17048ef6eb6ae5ba60ff78,1080,1080,
w10-story,social format export,downloads/publishing-kit/weeks/w10/w10-story.png,weeks/w10/w10-story.png,False,524464,ba2ffbbd73cfd0d931112d70bcef13c5f7f89a27da84542beafa219b978e55c6,assets/exports/w10-story.webp,CAMPAIGN.weeks[id=w10],file_exported; activation_held,"REVIEW ONLY — NOT ACTIVATED. Technical claims, destination/form/tracking, audience, owner and human release approval remain required. Source URLs are unverified; no publishing or send authority.",source_provided_unverified,ec49ff0000a8b106f2c3786c069778c381b3ef143296a4f4038b2408ff5678ae,1080,1920,
w10-wide,social format export,downloads/publishing-kit/weeks/w10/w10-wide.png,weeks/w10/w10-wide.png,False,893389,6d3edcffeba1b284aab058b15da19bccf8a9203625f4e00083b1ce5526dabe42,assets/exports/w10-wide.webp,CAMPAIGN.weeks[id=w10],file_exported; activation_held,"REVIEW ONLY — NOT ACTIVATED. Technical claims, destination/form/tracking, audience, owner and human release approval remain required. Source URLs are unverified; no publishing or send authority.",source_provided_unverified,760adab5b15a0293dff39b4e71efc18a40f5679f925e9bc94a687b1f0b731c4b,1600,900,
w11,LinkedIn caption,downloads/publishing-kit/weeks/w11/caption.txt,weeks/w11/caption.txt,False,665,cee00d00a94111355a49324f92f3decc04ae9d1073d2dcd3d471fd3e3923ce00,campaign-data.js,CAMPAIGN.weeks[id=w11].caption,file_exported; activation_held,"REVIEW ONLY — NOT ACTIVATED. Technical claims, destination/form/tracking, audience, owner and human release approval remain required. Source URLs are unverified; no publishing or send authority.",source_provided_unverified,754ba9aeb0fcd8c69d1f595f418644921dd9428bb89fc8c09c9096e03ef28d96,,,
w11,complete source copy,downloads/publishing-kit/weeks/w11/source-copy.json,weeks/w11/source-copy.json,False,1363,50c3282812a2aff949f2475428af00e7716048142501dba62946c5ecc4f44f69,campaign-data.js,CAMPAIGN.weeks[id=w11],file_exported; activation_held,"REVIEW ONLY — NOT ACTIVATED. Technical claims, destination/form/tracking, audience, owner and human release approval remain required. Source URLs are unverified; no publishing or send authority.",source_provided_unverified,754ba9aeb0fcd8c69d1f595f418644921dd9428bb89fc8c09c9096e03ef28d96,,,
w11,instructions,downloads/publishing-kit/weeks/w11/README.txt,weeks/w11/README.txt,False,711,0118d99b943217edb06cdd7813d8500c87639c0e604215e4601f98d5c5b10f6e,campaign-data.js,,file_exported; activation_held,"REVIEW ONLY — NOT ACTIVATED. Technical claims, destination/form/tracking, audience, owner and human release approval remain required. Source URLs are unverified; no publishing or send authority.",source_provided_unverified,754ba9aeb0fcd8c69d1f595f418644921dd9428bb89fc8c09c9096e03ef28d96,,,
w11-feed,social format export,downloads/publishing-kit/weeks/w11/w11-feed.png,weeks/w11/w11-feed.png,False,629713,d3c5954b54db7f946b0e69b4ae307b14f2c8a73d1d0e0eb785995f791e534196,assets/exports/w11-feed.webp,CAMPAIGN.weeks[id=w11],file_exported; activation_held,"REVIEW ONLY — NOT ACTIVATED. Technical claims, destination/form/tracking, audience, owner and human release approval remain required. Source URLs are unverified; no publishing or send authority.",source_provided_unverified,8d763cd794011f30a1dc0f0fad31ed5fcd8e4ebb7b710a56777957cf7b00d11c,1080,1350,
w11-square,social format export,downloads/publishing-kit/weeks/w11/w11-square.png,weeks/w11/w11-square.png,False,546492,2bf97dd8cb73b870ccb89fedd222b94c2b5e517e9312b6230bd2eac4d2d56e43,assets/exports/w11-square.webp,CAMPAIGN.weeks[id=w11],file_exported; activation_held,"REVIEW ONLY — NOT ACTIVATED. Technical claims, destination/form/tracking, audience, owner and human release approval remain required. Source URLs are unverified; no publishing or send authority.",source_provided_unverified,365f28b3fec57f8c6922335bf9f71ac256f7431dcaf7c872abc875c3ddc3732b,1080,1080,
w11-story,social format export,downloads/publishing-kit/weeks/w11/w11-story.png,weeks/w11/w11-story.png,False,807164,4791f4db83f1d1a5c3b0ecc459a216b3fadf72e43a893bc6a3e8db226d1192e2,assets/exports/w11-story.webp,CAMPAIGN.weeks[id=w11],file_exported; activation_held,"REVIEW ONLY — NOT ACTIVATED. Technical claims, destination/form/tracking, audience, owner and human release approval remain required. Source URLs are unverified; no publishing or send authority.",source_provided_unverified,8af5235474bcf20c08e18e4962e314e26aad4e625456492c874315792aaef1ed,1080,1920,
w11-wide,social format export,downloads/publishing-kit/weeks/w11/w11-wide.png,weeks/w11/w11-wide.png,False,749990,7f8365286b29cca84c867b8327217ec894ca09c89c6af33ed5d36a4e20bfd004,assets/exports/w11-wide.webp,CAMPAIGN.weeks[id=w11],file_exported; activation_held,"REVIEW ONLY — NOT ACTIVATED. Technical claims, destination/form/tracking, audience, owner and human release approval remain required. Source URLs are unverified; no publishing or send authority.",source_provided_unverified,4dc9bf26b1e5655c44b9dbe64ecd3953e503ffd39550504e63ab83f019171a8a,1600,900,
w12,LinkedIn caption,downloads/publishing-kit/weeks/w12/caption.txt,weeks/w12/caption.txt,False,622,f6585a11de9272301aa1387c8ac175bac11ba43886db27986c2eb4dd793fb9e7,campaign-data.js,CAMPAIGN.weeks[id=w12].caption,file_exported; activation_held,"REVIEW ONLY — NOT ACTIVATED. Technical claims, destination/form/tracking, audience, owner and human release approval remain required. Source URLs are unverified; no publishing or send authority.",source_provided_unverified,754ba9aeb0fcd8c69d1f595f418644921dd9428bb89fc8c09c9096e03ef28d96,,,
w12,complete source copy,downloads/publishing-kit/weeks/w12/source-copy.json,weeks/w12/source-copy.json,False,1316,9b5c840833c1fa72393dc0f133aa06de737c8fdf091e046f1095f635fec942de,campaign-data.js,CAMPAIGN.weeks[id=w12],file_exported; activation_held,"REVIEW ONLY — NOT ACTIVATED. Technical claims, destination/form/tracking, audience, owner and human release approval remain required. Source URLs are unverified; no publishing or send authority.",source_provided_unverified,754ba9aeb0fcd8c69d1f595f418644921dd9428bb89fc8c09c9096e03ef28d96,,,
w12,instructions,downloads/publishing-kit/weeks/w12/README.txt,weeks/w12/README.txt,False,711,0f5fb387f3a4f0b7efdc120ad6eb5a517d852f0ecb1305b2975619fecd04f19e,campaign-data.js,,file_exported; activation_held,"REVIEW ONLY — NOT ACTIVATED. Technical claims, destination/form/tracking, audience, owner and human release approval remain required. Source URLs are unverified; no publishing or send authority.",source_provided_unverified,754ba9aeb0fcd8c69d1f595f418644921dd9428bb89fc8c09c9096e03ef28d96,,,
w12-feed,social format export,downloads/publishing-kit/weeks/w12/w12-feed.png,weeks/w12/w12-feed.png,False,464545,b0856235b96c7d144727e3289384bf7e503a59ec4b4d253509a1595c52e1a7b6,assets/exports/w12-feed.webp,CAMPAIGN.weeks[id=w12],file_exported; activation_held,"REVIEW ONLY — NOT ACTIVATED. Technical claims, destination/form/tracking, audience, owner and human release approval remain required. Source URLs are unverified; no publishing or send authority.",source_provided_unverified,4ef36e34ab250ee47ea30cfc34f697dea34973191d0b949f96d320f108302451,1080,1350,
w12-square,social format export,downloads/publishing-kit/weeks/w12/w12-square.png,weeks/w12/w12-square.png,False,424240,0c402bd66ca919b510060fd629375df7452d0bcfc3ecf68c9908c0165fff3978,assets/exports/w12-square.webp,CAMPAIGN.weeks[id=w12],file_exported; activation_held,"REVIEW ONLY — NOT ACTIVATED. Technical claims, destination/form/tracking, audience, owner and human release approval remain required. Source URLs are unverified; no publishing or send authority.",source_provided_unverified,3b17c5e75d74404786cab5917101f85c63df4efb876d312ea7ab04f8ec4f262a,1080,1080,
w12-story,social format export,downloads/publishing-kit/weeks/w12/w12-story.png,weeks/w12/w12-story.png,False,591610,3ccd8a27d6399f7d7c6e6ae49fdd7f40617408f81761fef7a3a69ef56860a874,assets/exports/w12-story.webp,CAMPAIGN.weeks[id=w12],file_exported; activation_held,"REVIEW ONLY — NOT ACTIVATED. Technical claims, destination/form/tracking, audience, owner and human release approval remain required. Source URLs are unverified; no publishing or send authority.",source_provided_unverified,daca8353ba685b99cb5231072aed170e7927ab7b68a5a2b5534a69ae6c53321c,1080,1920,
w12-wide,social format export,downloads/publishing-kit/weeks/w12/w12-wide.png,weeks/w12/w12-wide.png,False,937516,e8bf76af4fa3c06292bd39dc736bc83b4e4b0540848a444eca1d6db9a6f37242,assets/exports/w12-wide.webp,CAMPAIGN.weeks[id=w12],file_exported; activation_held,"REVIEW ONLY — NOT ACTIVATED. Technical claims, destination/form/tracking, audience, owner and human release approval remain required. Source URLs are unverified; no publishing or send authority.",source_provided_unverified,53122fa1d78b85173ecefb402a95389d4770453de8abef3435fe976c05a36023,1600,900,
asset-tracking-01,LinkedIn document slide,downloads/publishing-kit/carousels/asset-tracking/asset-tracking-01.png,carousels/asset-tracking/asset-tracking-01.png,False,916503,3f10a162c3213de15b0d67f5a01bfa5073ff5331afb4ed25a4c33731bd460d63,assets/carousels/asset-tracking-01.webp,CAMPAIGN.carousels[id=asset-tracking].slides[0],file_exported; activation_held,"REVIEW ONLY — NOT ACTIVATED. Technical claims, destination/form/tracking, audience, owner and human release approval remain required. Source URLs are unverified; no publishing or send authority.",source_provided_unverified,67b840d4bb7fcf2a961b6efb5fe5683ec2494b917256162d728027016f235cc3,1080,1350,
asset-tracking-02,LinkedIn document slide,downloads/publishing-kit/carousels/asset-tracking/asset-tracking-02.png,carousels/asset-tracking/asset-tracking-02.png,False,249295,d7f120e240a39e60bb74e5b5a1edecd91228bac944bfbee7fdc15cffa3133999,assets/carousels/asset-tracking-02.webp,CAMPAIGN.carousels[id=asset-tracking].slides[1],file_exported; activation_held,"REVIEW ONLY — NOT ACTIVATED. Technical claims, destination/form/tracking, audience, owner and human release approval remain required. Source URLs are unverified; no publishing or send authority.",source_provided_unverified,2787e9c8028fdf57bac3523812bc265459e3228612bf9d73bd0ced92ca9ee96f,1080,1350,
asset-tracking-03,LinkedIn document slide,downloads/publishing-kit/carousels/asset-tracking/asset-tracking-03.png,carousels/asset-tracking/asset-tracking-03.png,False,258940,05dcda3a6a2c51619a66cc4b1a82eda5dc7d7549af6eb8bfb0bc7a14d6c83218,assets/carousels/asset-tracking-03.webp,CAMPAIGN.carousels[id=asset-tracking].slides[2],file_exported; activation_held,"REVIEW ONLY — NOT ACTIVATED. Technical claims, destination/form/tracking, audience, owner and human release approval remain required. Source URLs are unverified; no publishing or send authority.",source_provided_unverified,a6b917dfc073d8e92a7785ec79278147b8e567a599f7ee7ed5cb6bd8597ce6c0,1080,1350,
asset-tracking-04,LinkedIn document slide,downloads/publishing-kit/carousels/asset-tracking/asset-tracking-04.png,carousels/asset-tracking/asset-tracking-04.png,False,265097,42259c1890d37b9557a202e426479537347526d667329cc7486865bc41f5f77d,assets/carousels/asset-tracking-04.webp,CAMPAIGN.carousels[id=asset-tracking].slides[3],file_exported; activation_held,"REVIEW ONLY — NOT ACTIVATED. Technical claims, destination/form/tracking, audience, owner and human release approval remain required. Source URLs are unverified; no publishing or send authority.",source_provided_unverified,3fed1eb224173e30df4be24125fd3449566378a3128ae14de2b5408991f8c351,1080,1350,
asset-tracking-05,LinkedIn document slide,downloads/publishing-kit/carousels/asset-tracking/asset-tracking-05.png,carousels/asset-tracking/asset-tracking-05.png,False,870562,f2b54ecabdceaeec583ff41da4d1a41f232ed308ce64a9ee4c169e67e76b58a5,assets/carousels/asset-tracking-05.webp,CAMPAIGN.carousels[id=asset-tracking].slides[4],file_exported; activation_held,"REVIEW ONLY — NOT ACTIVATED. Technical claims, destination/form/tracking, audience, owner and human release approval remain required. Source URLs are unverified; no publishing or send authority.",source_provided_unverified,cd5c1ab279a67b8dcd874c8fa8f3ecba73f44031ed858faf834e23f648faaf59,1080,1350,
asset-tracking,LinkedIn document PDF,downloads/asset-tracking-linkedin-document.pdf,,True,3345113,ba421a8d526f48bcabf4440c08daf4a70c7447e9c9be9b13f96662ac28e8f16c,,CAMPAIGN.carousels[id=asset-tracking],file_exported; activation_held,"REVIEW ONLY — NOT ACTIVATED. Technical claims, destination/form/tracking, audience, owner and human release approval remain required. Source URLs are unverified; no publishing or send authority.",source_provided_unverified,,,,5
asset-tracking,LinkedIn document PDF,downloads/publishing-kit/carousels/asset-tracking/asset-tracking-linkedin-document.pdf,carousels/asset-tracking/asset-tracking-linkedin-document.pdf,False,3345113,ba421a8d526f48bcabf4440c08daf4a70c7447e9c9be9b13f96662ac28e8f16c,downloads/asset-tracking-linkedin-document.pdf,,file_exported; activation_held,"REVIEW ONLY — NOT ACTIVATED. Technical claims, destination/form/tracking, audience, owner and human release approval remain required. Source URLs are unverified; no publishing or send authority.",source_provided_unverified,ba421a8d526f48bcabf4440c08daf4a70c7447e9c9be9b13f96662ac28e8f16c,,,5
asset-tracking,LinkedIn document caption,downloads/publishing-kit/carousels/asset-tracking/caption.txt,carousels/asset-tracking/caption.txt,False,688,ab7a282b6b9888f034565ef4ada71c15997a84a49a07ee32be021e9cf38842fb,campaign-data.js,CAMPAIGN.weeks[id=w04].caption,file_exported; activation_held,"REVIEW ONLY — NOT ACTIVATED. Technical claims, destination/form/tracking, audience, owner and human release approval remain required. Source URLs are unverified; no publishing or send authority.",source_provided_unverified,754ba9aeb0fcd8c69d1f595f418644921dd9428bb89fc8c09c9096e03ef28d96,,,
asset-tracking,complete source copy,downloads/publishing-kit/carousels/asset-tracking/source-copy.json,carousels/asset-tracking/source-copy.json,False,1100,d5ea603712e4c45a8067c3750f1f128d106a4cce3c46d911ba65de0dbdcb294b,campaign-data.js,CAMPAIGN.carousels[id=asset-tracking],file_exported; activation_held,"REVIEW ONLY — NOT ACTIVATED. Technical claims, destination/form/tracking, audience, owner and human release approval remain required. Source URLs are unverified; no publishing or send authority.",source_provided_unverified,754ba9aeb0fcd8c69d1f595f418644921dd9428bb89fc8c09c9096e03ef28d96,,,
asset-tracking,instructions,downloads/publishing-kit/carousels/asset-tracking/README.txt,carousels/asset-tracking/README.txt,False,596,c23d2870a299ef597543902aede9c7556159cbe49ba7d51e50f0384c8b38dc7a,campaign-data.js,,file_exported; activation_held,"REVIEW ONLY — NOT ACTIVATED. Technical claims, destination/form/tracking, audience, owner and human release approval remain required. Source URLs are unverified; no publishing or send authority.",source_provided_unverified,754ba9aeb0fcd8c69d1f595f418644921dd9428bb89fc8c09c9096e03ef28d96,,,
agtech-01,LinkedIn document slide,downloads/publishing-kit/carousels/agtech/agtech-01.png,carousels/agtech/agtech-01.png,False,406183,e829c5a95fe6c522b8789c543c4ccdb4922d01755a3bdd5ef3a0510f6b0f8491,assets/carousels/agtech-01.webp,CAMPAIGN.carousels[id=agtech].slides[0],file_exported; activation_held,"REVIEW ONLY — NOT ACTIVATED. Technical claims, destination/form/tracking, audience, owner and human release approval remain required. Source URLs are unverified; no publishing or send authority.",source_provided_unverified,1350c7da695f173c0676e5f9fb1dfdc9df0cb056e31e690b1cf4817ad7c515ea,1080,1350,
agtech-02,LinkedIn document slide,downloads/publishing-kit/carousels/agtech/agtech-02.png,carousels/agtech/agtech-02.png,False,301358,a80036e48473a1a292d53bcf7910dc2548a1cd38cc300c2d698dd7d4e75aab0f,assets/carousels/agtech-02.webp,CAMPAIGN.carousels[id=agtech].slides[1],file_exported; activation_held,"REVIEW ONLY — NOT ACTIVATED. Technical claims, destination/form/tracking, audience, owner and human release approval remain required. Source URLs are unverified; no publishing or send authority.",source_provided_unverified,d40c9c8a3ce4051a398a8830d02718ace663fc0f2e6a00e78e6e391d19403d4d,1080,1350,
agtech-03,LinkedIn document slide,downloads/publishing-kit/carousels/agtech/agtech-03.png,carousels/agtech/agtech-03.png,False,272677,5d60116d352c6e6124356e4b639dfd7bcde91176bb14788155ec28a6b34de3fb,assets/carousels/agtech-03.webp,CAMPAIGN.carousels[id=agtech].slides[2],file_exported; activation_held,"REVIEW ONLY — NOT ACTIVATED. Technical claims, destination/form/tracking, audience, owner and human release approval remain required. Source URLs are unverified; no publishing or send authority.",source_provided_unverified,b5ecd791228c111518c520f5df843214b8ad469bfdc103ccb85b03ee05b653fb,1080,1350,
agtech-04,LinkedIn document slide,downloads/publishing-kit/carousels/agtech/agtech-04.png,carousels/agtech/agtech-04.png,False,265674,a1bd92859fdd0ee18776a3169564ee4e3c3132f4421b52a47d98f253e81e66ca,assets/carousels/agtech-04.webp,CAMPAIGN.carousels[id=agtech].slides[3],file_exported; activation_held,"REVIEW ONLY — NOT ACTIVATED. Technical claims, destination/form/tracking, audience, owner and human release approval remain required. Source URLs are unverified; no publishing or send authority.",source_provided_unverified,49fb3fa1f59dad23071f225157960fbce139630bbee9e34d5b3baab7a46c8810,1080,1350,
agtech-05,LinkedIn document slide,downloads/publishing-kit/carousels/agtech/agtech-05.png,carousels/agtech/agtech-05.png,False,381830,adbddb0cac52f9d4bb7f49c1cf70aa096577dd5a88e567373fbe033789169c79,assets/carousels/agtech-05.webp,CAMPAIGN.carousels[id=agtech].slides[4],file_exported; activation_held,"REVIEW ONLY — NOT ACTIVATED. Technical claims, destination/form/tracking, audience, owner and human release approval remain required. Source URLs are unverified; no publishing or send authority.",source_provided_unverified,c518594aa1aed9edd766fc1f4a85ea1800ced44f56e7d0381c02e866318d91a0,1080,1350,
agtech,LinkedIn document PDF,downloads/agtech-linkedin-document.pdf,,True,2202803,19013abd8c912690c6572074182289ff9fcc1de57963455a71dbdab0842f2db9,,CAMPAIGN.carousels[id=agtech],file_exported; activation_held,"REVIEW ONLY — NOT ACTIVATED. Technical claims, destination/form/tracking, audience, owner and human release approval remain required. Source URLs are unverified; no publishing or send authority.",source_provided_unverified,,,,5
agtech,LinkedIn document PDF,downloads/publishing-kit/carousels/agtech/agtech-linkedin-document.pdf,carousels/agtech/agtech-linkedin-document.pdf,False,2202803,19013abd8c912690c6572074182289ff9fcc1de57963455a71dbdab0842f2db9,downloads/agtech-linkedin-document.pdf,,file_exported; activation_held,"REVIEW ONLY — NOT ACTIVATED. Technical claims, destination/form/tracking, audience, owner and human release approval remain required. Source URLs are unverified; no publishing or send authority.",source_provided_unverified,19013abd8c912690c6572074182289ff9fcc1de57963455a71dbdab0842f2db9,,,5
agtech,LinkedIn document caption,downloads/publishing-kit/carousels/agtech/caption.txt,carousels/agtech/caption.txt,False,688,949d06d931c3b3341abee9fe13a1a855483153a1529ebdff6f2cdaebad5b1175,campaign-data.js,CAMPAIGN.weeks[id=w05].caption,file_exported; activation_held,"REVIEW ONLY — NOT ACTIVATED. Technical claims, destination/form/tracking, audience, owner and human release approval remain required. Source URLs are unverified; no publishing or send authority.",source_provided_unverified,754ba9aeb0fcd8c69d1f595f418644921dd9428bb89fc8c09c9096e03ef28d96,,,
agtech,complete source copy,downloads/publishing-kit/carousels/agtech/source-copy.json,carousels/agtech/source-copy.json,False,1045,fb3fc1069f6fdaff26dc4b84603c4fa59e41c94f4e5ec6dcfd7ff9a8f7dabbab,campaign-data.js,CAMPAIGN.carousels[id=agtech],file_exported; activation_held,"REVIEW ONLY — NOT ACTIVATED. Technical claims, destination/form/tracking, audience, owner and human release approval remain required. Source URLs are unverified; no publishing or send authority.",source_provided_unverified,754ba9aeb0fcd8c69d1f595f418644921dd9428bb89fc8c09c9096e03ef28d96,,,
agtech,instructions,downloads/publishing-kit/carousels/agtech/README.txt,carousels/agtech/README.txt,False,622,faac65c87e5ca9d998c44ec4fbcc0c53cba817738d6c5831b4cd8e0702268fdb,campaign-data.js,,file_exported; activation_held,"REVIEW ONLY — NOT ACTIVATED. Technical claims, destination/form/tracking, audience, owner and human release approval remain required. Source URLs are unverified; no publishing or send authority.",source_provided_unverified,754ba9aeb0fcd8c69d1f595f418644921dd9428bb89fc8c09c9096e03ef28d96,,,
environmental-01,LinkedIn document slide,downloads/publishing-kit/carousels/environmental/environmental-01.png,carousels/environmental/environmental-01.png,False,580402,54c48bc3b8956aa72b1216baddf9231ae1c568ff5fd9b2479ac21deeb07fad39,assets/carousels/environmental-01.webp,CAMPAIGN.carousels[id=environmental].slides[0],file_exported; activation_held,"REVIEW ONLY — NOT ACTIVATED. Technical claims, destination/form/tracking, audience, owner and human release approval remain required. Source URLs are unverified; no publishing or send authority.",source_provided_unverified,e4d2c0437954aab01251ae939952ab6bbb91c984fea48e38257c5497f8508c96,1080,1350,
environmental-02,LinkedIn document slide,downloads/publishing-kit/carousels/environmental/environmental-02.png,carousels/environmental/environmental-02.png,False,287280,24eba0f565d4c6330a51bdb2135fd5193cc4200ef30615d5f441fb68f318356f,assets/carousels/environmental-02.webp,CAMPAIGN.carousels[id=environmental].slides[1],file_exported; activation_held,"REVIEW ONLY — NOT ACTIVATED. Technical claims, destination/form/tracking, audience, owner and human release approval remain required. Source URLs are unverified; no publishing or send authority.",source_provided_unverified,9916fe82a2b420b3c713af01dc6b62df25b91165662ce5df7b717d9a78d7643b,1080,1350,
environmental-03,LinkedIn document slide,downloads/publishing-kit/carousels/environmental/environmental-03.png,carousels/environmental/environmental-03.png,False,250342,69780c136255bc8132d17e2363727f295c0ee659aa55f9e0c0897f93ed6d03ec,assets/carousels/environmental-03.webp,CAMPAIGN.carousels[id=environmental].slides[2],file_exported; activation_held,"REVIEW ONLY — NOT ACTIVATED. Technical claims, destination/form/tracking, audience, owner and human release approval remain required. Source URLs are unverified; no publishing or send authority.",source_provided_unverified,a7e214110a2268e60535325e4a4ea76c31fc9a873a1ceea5f28fd8dd141c8562,1080,1350,
environmental-04,LinkedIn document slide,downloads/publishing-kit/carousels/environmental/environmental-04.png,carousels/environmental/environmental-04.png,False,263240,9f403b743d461e7c9815c58755abd7287db157a7b1412d6a44750676ae5bdae2,assets/carousels/environmental-04.webp,CAMPAIGN.carousels[id=environmental].slides[3],file_exported; activation_held,"REVIEW ONLY — NOT ACTIVATED. Technical claims, destination/form/tracking, audience, owner and human release approval remain required. Source URLs are unverified; no publishing or send authority.",source_provided_unverified,e2550e95fccf6c2804c2ec72f493a20df40d30965b6861a3f27f45b4f2aa7ee4,1080,1350,
environmental-05,LinkedIn document slide,downloads/publishing-kit/carousels/environmental/environmental-05.png,carousels/environmental/environmental-05.png,False,553777,44280dfbc1300312c2a90dcb84afa41fb6524af3e96daae6b0748abe6e8a5cfa,assets/carousels/environmental-05.webp,CAMPAIGN.carousels[id=environmental].slides[4],file_exported; activation_held,"REVIEW ONLY — NOT ACTIVATED. Technical claims, destination/form/tracking, audience, owner and human release approval remain required. Source URLs are unverified; no publishing or send authority.",source_provided_unverified,1916a7be39a811a63c48160b5a42e847ce78df24a2919cbb97ebde17a62230b6,1080,1350,
environmental,LinkedIn document PDF,downloads/environmental-linkedin-document.pdf,,True,2523453,d6ce4ac0daaa4af6693394c8cd1d5913e444b0dbcc5147539731aa62a6228246,,CAMPAIGN.carousels[id=environmental],file_exported; activation_held,"REVIEW ONLY — NOT ACTIVATED. Technical claims, destination/form/tracking, audience, owner and human release approval remain required. Source URLs are unverified; no publishing or send authority.",source_provided_unverified,,,,5
environmental,LinkedIn document PDF,downloads/publishing-kit/carousels/environmental/environmental-linkedin-document.pdf,carousels/environmental/environmental-linkedin-document.pdf,False,2523453,d6ce4ac0daaa4af6693394c8cd1d5913e444b0dbcc5147539731aa62a6228246,downloads/environmental-linkedin-document.pdf,,file_exported; activation_held,"REVIEW ONLY — NOT ACTIVATED. Technical claims, destination/form/tracking, audience, owner and human release approval remain required. Source URLs are unverified; no publishing or send authority.",source_provided_unverified,d6ce4ac0daaa4af6693394c8cd1d5913e444b0dbcc5147539731aa62a6228246,,,5
environmental,LinkedIn document caption,downloads/publishing-kit/carousels/environmental/caption.txt,carousels/environmental/caption.txt,False,702,8997c49cb61095ba1ec02615f5750d044281fb7d33644fae702df3c7e6716a7b,campaign-data.js,CAMPAIGN.weeks[id=w06].caption,file_exported; activation_held,"REVIEW ONLY — NOT ACTIVATED. Technical claims, destination/form/tracking, audience, owner and human release approval remain required. Source URLs are unverified; no publishing or send authority.",source_provided_unverified,754ba9aeb0fcd8c69d1f595f418644921dd9428bb89fc8c09c9096e03ef28d96,,,
environmental,complete source copy,downloads/publishing-kit/carousels/environmental/source-copy.json,carousels/environmental/source-copy.json,False,1055,3e53bc01b075320948cc17300822c1a86ccd2cdede3d0317f8fe5d1652052938,campaign-data.js,CAMPAIGN.carousels[id=environmental],file_exported; activation_held,"REVIEW ONLY — NOT ACTIVATED. Technical claims, destination/form/tracking, audience, owner and human release approval remain required. Source URLs are unverified; no publishing or send authority.",source_provided_unverified,754ba9aeb0fcd8c69d1f595f418644921dd9428bb89fc8c09c9096e03ef28d96,,,
environmental,instructions,downloads/publishing-kit/carousels/environmental/README.txt,carousels/environmental/README.txt,False,619,53f73216884848b21ed7f8c6f235926fa4abf06378f1b4efc6bb062d64373852,campaign-data.js,,file_exported; activation_held,"REVIEW ONLY — NOT ACTIVATED. Technical claims, destination/form/tracking, audience, owner and human release approval remain required. Source URLs are unverified; no publishing or send authority.",source_provided_unverified,754ba9aeb0fcd8c69d1f595f418644921dd9428bb89fc8c09c9096e03ef28d96,,,
remote-equipment-01,LinkedIn document slide,downloads/publishing-kit/carousels/remote-equipment/remote-equipment-01.png,carousels/remote-equipment/remote-equipment-01.png,False,711867,37db196b4402f0edcec20b1db1b7f85695f68cfbee1a54027436c26f418cea2f,assets/carousels/remote-equipment-01.webp,CAMPAIGN.carousels[id=remote-equipment].slides[0],file_exported; activation_held,"REVIEW ONLY — NOT ACTIVATED. Technical claims, destination/form/tracking, audience, owner and human release approval remain required. Source URLs are unverified; no publishing or send authority.",source_provided_unverified,bd526684b5af1388d7bd2f24be57b5cdb5bccf7639796fb6ccc40da5f1980e22,1080,1350,
remote-equipment-02,LinkedIn document slide,downloads/publishing-kit/carousels/remote-equipment/remote-equipment-02.png,carousels/remote-equipment/remote-equipment-02.png,False,235109,d62d93d2262d29c2fb121bde3c903cb250426a2a4770955be1d0fca31fbda4aa,assets/carousels/remote-equipment-02.webp,CAMPAIGN.carousels[id=remote-equipment].slides[1],file_exported; activation_held,"REVIEW ONLY — NOT ACTIVATED. Technical claims, destination/form/tracking, audience, owner and human release approval remain required. Source URLs are unverified; no publishing or send authority.",source_provided_unverified,f89183062f831930810596341361aaaa1bb681e72ff723f0af5b4c8d09b77def,1080,1350,
remote-equipment-03,LinkedIn document slide,downloads/publishing-kit/carousels/remote-equipment/remote-equipment-03.png,carousels/remote-equipment/remote-equipment-03.png,False,273087,1cc8b6b809b65038cd05f014777ab78e1bb90129777caa03fecb1aa90148ae72,assets/carousels/remote-equipment-03.webp,CAMPAIGN.carousels[id=remote-equipment].slides[2],file_exported; activation_held,"REVIEW ONLY — NOT ACTIVATED. Technical claims, destination/form/tracking, audience, owner and human release approval remain required. Source URLs are unverified; no publishing or send authority.",source_provided_unverified,1f0d95783fcc6feebb2f3b72bc9f59788f2a8f656290ddc33a82687940d54884,1080,1350,
remote-equipment-04,LinkedIn document slide,downloads/publishing-kit/carousels/remote-equipment/remote-equipment-04.png,carousels/remote-equipment/remote-equipment-04.png,False,280425,fd29ae4337dbf68cc35427cfd079b6b6bd887ac833c679d56386135c0f066b2b,assets/carousels/remote-equipment-04.webp,CAMPAIGN.carousels[id=remote-equipment].slides[3],file_exported; activation_held,"REVIEW ONLY — NOT ACTIVATED. Technical claims, destination/form/tracking, audience, owner and human release approval remain required. Source URLs are unverified; no publishing or send authority.",source_provided_unverified,d750ec9afa3fa8fe4d01c7552c60b99ccaf27bee2a6d7332875bdd027fbb850d,1080,1350,
remote-equipment-05,LinkedIn document slide,downloads/publishing-kit/carousels/remote-equipment/remote-equipment-05.png,carousels/remote-equipment/remote-equipment-05.png,False,688497,344244d2773f59239f664377abc6357fdf7b172fcc1bcd090d8fe0a4f462b152,assets/carousels/remote-equipment-05.webp,CAMPAIGN.carousels[id=remote-equipment].slides[4],file_exported; activation_held,"REVIEW ONLY — NOT ACTIVATED. Technical claims, destination/form/tracking, audience, owner and human release approval remain required. Source URLs are unverified; no publishing or send authority.",source_provided_unverified,1524639a9a36e61e65a7b30d6b65c2b5ed609e8200bf3f53e735d8e164dc28b9,1080,1350,
remote-equipment,LinkedIn document PDF,downloads/remote-equipment-linkedin-document.pdf,,True,2859579,29e015a7208670f3154872c00b4a917eefe23ff47a50681f382bfb3b48cd8487,,CAMPAIGN.carousels[id=remote-equipment],file_exported; activation_held,"REVIEW ONLY — NOT ACTIVATED. Technical claims, destination/form/tracking, audience, owner and human release approval remain required. Source URLs are unverified; no publishing or send authority.",source_provided_unverified,,,,5
remote-equipment,LinkedIn document PDF,downloads/publishing-kit/carousels/remote-equipment/remote-equipment-linkedin-document.pdf,carousels/remote-equipment/remote-equipment-linkedin-document.pdf,False,2859579,29e015a7208670f3154872c00b4a917eefe23ff47a50681f382bfb3b48cd8487,downloads/remote-equipment-linkedin-document.pdf,,file_exported; activation_held,"REVIEW ONLY — NOT ACTIVATED. Technical claims, destination/form/tracking, audience, owner and human release approval remain required. Source URLs are unverified; no publishing or send authority.",source_provided_unverified,29e015a7208670f3154872c00b4a917eefe23ff47a50681f382bfb3b48cd8487,,,5
remote-equipment,LinkedIn document caption,downloads/publishing-kit/carousels/remote-equipment/caption.txt,carousels/remote-equipment/caption.txt,False,620,f7ff07b39a783c9b399203f36b436898d23c6fd3d94cbae8f90aa189007516b5,campaign-data.js,CAMPAIGN.weeks[id=w07].caption,file_exported; activation_held,"REVIEW ONLY — NOT ACTIVATED. Technical claims, destination/form/tracking, audience, owner and human release approval remain required. Source URLs are unverified; no publishing or send authority.",source_provided_unverified,754ba9aeb0fcd8c69d1f595f418644921dd9428bb89fc8c09c9096e03ef28d96,,,
remote-equipment,complete source copy,downloads/publishing-kit/carousels/remote-equipment/source-copy.json,carousels/remote-equipment/source-copy.json,False,1001,71bd5e1e9985d4a19ca668e5d427ebab4481d4be0cfec77cc2f2f950d55e34b7,campaign-data.js,CAMPAIGN.carousels[id=remote-equipment],file_exported; activation_held,"REVIEW ONLY — NOT ACTIVATED. Technical claims, destination/form/tracking, audience, owner and human release approval remain required. Source URLs are unverified; no publishing or send authority.",source_provided_unverified,754ba9aeb0fcd8c69d1f595f418644921dd9428bb89fc8c09c9096e03ef28d96,,,
remote-equipment,instructions,downloads/publishing-kit/carousels/remote-equipment/README.txt,carousels/remote-equipment/README.txt,False,619,02b84888c1503af768246bf0d2b9b2dd9f39f993f5ade56454ac787811b44665,campaign-data.js,,file_exported; activation_held,"REVIEW ONLY — NOT ACTIVATED. Technical claims, destination/form/tracking, audience, owner and human release approval remain required. Source URLs are unverified; no publishing or send authority.",source_provided_unverified,754ba9aeb0fcd8c69d1f595f418644921dd9428bb89fc8c09c9096e03ef28d96,,,
field-safety-01,LinkedIn document slide,downloads/publishing-kit/carousels/field-safety/field-safety-01.png,carousels/field-safety/field-safety-01.png,False,297661,6c15194142ba3071b4a4666c8c3700c3dc114408ff3a5e6458243342c95eef77,assets/carousels/field-safety-01.webp,CAMPAIGN.carousels[id=field-safety].slides[0],file_exported; activation_held,"REVIEW ONLY — NOT ACTIVATED. Technical claims, destination/form/tracking, audience, owner and human release approval remain required. Source URLs are unverified; no publishing or send authority.",source_provided_unverified,4e30b8fd94bb9b8598c9b4bf08f705c0f46b389b4d10046541307dbf18bfdd9a,1080,1350,
field-safety-02,LinkedIn document slide,downloads/publishing-kit/carousels/field-safety/field-safety-02.png,carousels/field-safety/field-safety-02.png,False,261768,06f6b333dc16cc9e6e7c360f693813eff592f8e9dcbc191f1a23882e8771f278,assets/carousels/field-safety-02.webp,CAMPAIGN.carousels[id=field-safety].slides[1],file_exported; activation_held,"REVIEW ONLY — NOT ACTIVATED. Technical claims, destination/form/tracking, audience, owner and human release approval remain required. Source URLs are unverified; no publishing or send authority.",source_provided_unverified,686de7f5a0745a70d95c9752490b57d558508a33dc31b1001fe10e016e6ffdc6,1080,1350,
field-safety-03,LinkedIn document slide,downloads/publishing-kit/carousels/field-safety/field-safety-03.png,carousels/field-safety/field-safety-03.png,False,238266,16b2715db446bfc05871afefe4ac73e334506b63f6f796cc4434e95e3658bde8,assets/carousels/field-safety-03.webp,CAMPAIGN.carousels[id=field-safety].slides[2],file_exported; activation_held,"REVIEW ONLY — NOT ACTIVATED. Technical claims, destination/form/tracking, audience, owner and human release approval remain required. Source URLs are unverified; no publishing or send authority.",source_provided_unverified,2045f356566c327a8da0457a4991aec9d2dabeae6274c579ad157b55ea767826,1080,1350,
field-safety-04,LinkedIn document slide,downloads/publishing-kit/carousels/field-safety/field-safety-04.png,carousels/field-safety/field-safety-04.png,False,257515,7ebed5a96d0c28c0de6f36c4cc6f69067650ab736dc9ff71a30ce7b058a51936,assets/carousels/field-safety-04.webp,CAMPAIGN.carousels[id=field-safety].slides[3],file_exported; activation_held,"REVIEW ONLY — NOT ACTIVATED. Technical claims, destination/form/tracking, audience, owner and human release approval remain required. Source URLs are unverified; no publishing or send authority.",source_provided_unverified,867ee4bdebf8f3cf8aca466432c059943b034f5c99b2e2fe2da952b472ae5f6d,1080,1350,
field-safety-05,LinkedIn document slide,downloads/publishing-kit/carousels/field-safety/field-safety-05.png,carousels/field-safety/field-safety-05.png,False,292753,ea45f1fe92a746800c416078a155dff7d71db36f4142f78f7d2e41897fa2aa70,assets/carousels/field-safety-05.webp,CAMPAIGN.carousels[id=field-safety].slides[4],file_exported; activation_held,"REVIEW ONLY — NOT ACTIVATED. Technical claims, destination/form/tracking, audience, owner and human release approval remain required. Source URLs are unverified; no publishing or send authority.",source_provided_unverified,c86f83c07ceb02bdb8a519932d3fbb319dc3107394c2337ec4f1f8f3a32f6615,1080,1350,
field-safety,LinkedIn document PDF,downloads/field-safety-linkedin-document.pdf,,True,1865989,c5a63a79763b2399c5811ef31c3743d7f327a8d8438f4ecae009be64975de508,,CAMPAIGN.carousels[id=field-safety],file_exported; activation_held,"REVIEW ONLY — NOT ACTIVATED. Technical claims, destination/form/tracking, audience, owner and human release approval remain required. Source URLs are unverified; no publishing or send authority.",source_provided_unverified,,,,5
field-safety,LinkedIn document PDF,downloads/publishing-kit/carousels/field-safety/field-safety-linkedin-document.pdf,carousels/field-safety/field-safety-linkedin-document.pdf,False,1865989,c5a63a79763b2399c5811ef31c3743d7f327a8d8438f4ecae009be64975de508,downloads/field-safety-linkedin-document.pdf,,file_exported; activation_held,"REVIEW ONLY — NOT ACTIVATED. Technical claims, destination/form/tracking, audience, owner and human release approval remain required. Source URLs are unverified; no publishing or send authority.",source_provided_unverified,c5a63a79763b2399c5811ef31c3743d7f327a8d8438f4ecae009be64975de508,,,5
field-safety,LinkedIn document caption,downloads/publishing-kit/carousels/field-safety/caption.txt,carousels/field-safety/caption.txt,False,664,db964bc20a298282dddf7ded9ef1c46ee669dd9ddae1b9a78f1001fae15fbf41,campaign-data.js,CAMPAIGN.weeks[id=w08].caption,file_exported; activation_held,"REVIEW ONLY — NOT ACTIVATED. Technical claims, destination/form/tracking, audience, owner and human release approval remain required. Source URLs are unverified; no publishing or send authority.",source_provided_unverified,754ba9aeb0fcd8c69d1f595f418644921dd9428bb89fc8c09c9096e03ef28d96,,,
field-safety,complete source copy,downloads/publishing-kit/carousels/field-safety/source-copy.json,carousels/field-safety/source-copy.json,False,967,c676c9b61725280632bced9e30214efb56bc1dd6310aee343e6800cbc2b5222c,campaign-data.js,CAMPAIGN.carousels[id=field-safety],file_exported; activation_held,"REVIEW ONLY — NOT ACTIVATED. Technical claims, destination/form/tracking, audience, owner and human release approval remain required. Source URLs are unverified; no publishing or send authority.",source_provided_unverified,754ba9aeb0fcd8c69d1f595f418644921dd9428bb89fc8c09c9096e03ef28d96,,,
field-safety,instructions,downloads/publishing-kit/carousels/field-safety/README.txt,carousels/field-safety/README.txt,False,608,f3ae928f2f906151de6f9f09f67f5edaef90ee2813e67ac88f29b6d4ccb76fd2,campaign-data.js,,file_exported; activation_held,"REVIEW ONLY — NOT ACTIVATED. Technical claims, destination/form/tracking, audience, owner and human release approval remain required. Source URLs are unverified; no publishing or send authority.",source_provided_unverified,754ba9aeb0fcd8c69d1f595f418644921dd9428bb89fc8c09c9096e03ef28d96,,,
e01,email copy,downloads/publishing-kit/emails/e01/email.txt,emails/e01/email.txt,False,847,31d549a2945eefb7edcc1ac446006f44102e163058d13f3f63d259cd4ce58908,campaign-data.js,CAMPAIGN.emails[id=e01],file_exported; activation_held,"REVIEW ONLY — NOT ACTIVATED. Technical claims, destination/form/tracking, audience, owner and human release approval remain required. Source URLs are unverified; no publishing or send authority.",source_provided_unverified,754ba9aeb0fcd8c69d1f595f418644921dd9428bb89fc8c09c9096e03ef28d96,,,
e01,email subject,downloads/publishing-kit/emails/e01/subject.txt,emails/e01/subject.txt,False,37,7ea789cb16a567899f4b2940147d48ff67708e11bec7cd8feeb5b0dc9a863da2,campaign-data.js,CAMPAIGN.emails[id=e01].subject,file_exported; activation_held,"REVIEW ONLY — NOT ACTIVATED. Technical claims, destination/form/tracking, audience, owner and human release approval remain required. Source URLs are unverified; no publishing or send authority.",source_provided_unverified,754ba9aeb0fcd8c69d1f595f418644921dd9428bb89fc8c09c9096e03ef28d96,,,
e01,email preheader,downloads/publishing-kit/emails/e01/preheader.txt,emails/e01/preheader.txt,False,61,e3a00e7244688c64b33df58c3b69736569557df42b83e81f48eaae64e8e8001b,campaign-data.js,CAMPAIGN.emails[id=e01].preheader,file_exported; activation_held,"REVIEW ONLY — NOT ACTIVATED. Technical claims, destination/form/tracking, audience, owner and human release approval remain required. Source URLs are unverified; no publishing or send authority.",source_provided_unverified,754ba9aeb0fcd8c69d1f595f418644921dd9428bb89fc8c09c9096e03ef28d96,,,
e01,complete source copy,downloads/publishing-kit/emails/e01/source-copy.json,emails/e01/source-copy.json,False,1084,4d9c0e8c9014bfe783729487699bc46e8b1001db87709ec338a63e6a8e35b2ff,campaign-data.js,CAMPAIGN.emails[id=e01],file_exported; activation_held,"REVIEW ONLY — NOT ACTIVATED. Technical claims, destination/form/tracking, audience, owner and human release approval remain required. Source URLs are unverified; no publishing or send authority.",source_provided_unverified,754ba9aeb0fcd8c69d1f595f418644921dd9428bb89fc8c09c9096e03ef28d96,,,
e01,email design screenshot,downloads/publishing-kit/emails/e01/e01-email-design.png,emails/e01/e01-email-design.png,False,584652,819467d0fc68fcc67a402993e5f371c1a17d1bb550476a8c28298fd1c67dd077,assets/email/e01-email.webp,CAMPAIGN.emails[id=e01],file_exported; activation_held,"REVIEW ONLY — NOT ACTIVATED. Technical claims, destination/form/tracking, audience, owner and human release approval remain required. Source URLs are unverified; no publishing or send authority.",source_provided_unverified,56d3fd6d28ee54555866b6d2e16ba7558695143377e8ff2210c8ca78dcf848a9,1200,900,
e01,instructions,downloads/publishing-kit/emails/e01/README.txt,emails/e01/README.txt,False,767,fc5e4aff543d6e91bae2d7e5c67a77225735fb6c412e0cd81cb90a7a5d6e6fed,campaign-data.js,,file_exported; activation_held,"REVIEW ONLY — NOT ACTIVATED. Technical claims, destination/form/tracking, audience, owner and human release approval remain required. Source URLs are unverified; no publishing or send authority.",source_provided_unverified,754ba9aeb0fcd8c69d1f595f418644921dd9428bb89fc8c09c9096e03ef28d96,,,
e02,email copy,downloads/publishing-kit/emails/e02/email.txt,emails/e02/email.txt,False,732,7166d1e815e7247850b1b92c80d31e8eb1af59804990ce1b6db876e05a5d89c2,campaign-data.js,CAMPAIGN.emails[id=e02],file_exported; activation_held,"REVIEW ONLY — NOT ACTIVATED. Technical claims, destination/form/tracking, audience, owner and human release approval remain required. Source URLs are unverified; no publishing or send authority.",source_provided_unverified,754ba9aeb0fcd8c69d1f595f418644921dd9428bb89fc8c09c9096e03ef28d96,,,
e02,email subject,downloads/publishing-kit/emails/e02/subject.txt,emails/e02/subject.txt,False,39,4d043343cd6830078acd31e53836ee750e3c8332b942dac3e044e5bc5b4443d5,campaign-data.js,CAMPAIGN.emails[id=e02].subject,file_exported; activation_held,"REVIEW ONLY — NOT ACTIVATED. Technical claims, destination/form/tracking, audience, owner and human release approval remain required. Source URLs are unverified; no publishing or send authority.",source_provided_unverified,754ba9aeb0fcd8c69d1f595f418644921dd9428bb89fc8c09c9096e03ef28d96,,,
e02,email preheader,downloads/publishing-kit/emails/e02/preheader.txt,emails/e02/preheader.txt,False,58,675b48dfc7657f521707a355dcd7e7cc6985da1333ac3a9c5538a956c73d1bd4,campaign-data.js,CAMPAIGN.emails[id=e02].preheader,file_exported; activation_held,"REVIEW ONLY — NOT ACTIVATED. Technical claims, destination/form/tracking, audience, owner and human release approval remain required. Source URLs are unverified; no publishing or send authority.",source_provided_unverified,754ba9aeb0fcd8c69d1f595f418644921dd9428bb89fc8c09c9096e03ef28d96,,,
e02,complete source copy,downloads/publishing-kit/emails/e02/source-copy.json,emails/e02/source-copy.json,False,968,ad61ac55f5bccc5bbddf0603484a91bf740560f2dc5ccff165d6cf5efc3188ea,campaign-data.js,CAMPAIGN.emails[id=e02],file_exported; activation_held,"REVIEW ONLY — NOT ACTIVATED. Technical claims, destination/form/tracking, audience, owner and human release approval remain required. Source URLs are unverified; no publishing or send authority.",source_provided_unverified,754ba9aeb0fcd8c69d1f595f418644921dd9428bb89fc8c09c9096e03ef28d96,,,
e02,email design screenshot,downloads/publishing-kit/emails/e02/e02-email-design.png,emails/e02/e02-email-design.png,False,664394,466a011efbb21b03b97d57a4b0d4131e6cab65b1011cfd972c17526d0cee8674,assets/email/e02-email.webp,CAMPAIGN.emails[id=e02],file_exported; activation_held,"REVIEW ONLY — NOT ACTIVATED. Technical claims, destination/form/tracking, audience, owner and human release approval remain required. Source URLs are unverified; no publishing or send authority.",source_provided_unverified,6f47f63e75032966771b39596b367b1d7333b35f5e8068e6786141bc32a1a66b,1200,900,
e02,instructions,downloads/publishing-kit/emails/e02/README.txt,emails/e02/README.txt,False,766,62ca494e1179bb833c29b7260c62bfd240385065817f6ac531dd1e4e718c75d7,campaign-data.js,,file_exported; activation_held,"REVIEW ONLY — NOT ACTIVATED. Technical claims, destination/form/tracking, audience, owner and human release approval remain required. Source URLs are unverified; no publishing or send authority.",source_provided_unverified,754ba9aeb0fcd8c69d1f595f418644921dd9428bb89fc8c09c9096e03ef28d96,,,
e03,email copy,downloads/publishing-kit/emails/e03/email.txt,emails/e03/email.txt,False,777,50f5563d106aa6f2297e5df263e3104ed1c6cc2550df651ad6907dd910127277,campaign-data.js,CAMPAIGN.emails[id=e03],file_exported; activation_held,"REVIEW ONLY — NOT ACTIVATED. Technical claims, destination/form/tracking, audience, owner and human release approval remain required. Source URLs are unverified; no publishing or send authority.",source_provided_unverified,754ba9aeb0fcd8c69d1f595f418644921dd9428bb89fc8c09c9096e03ef28d96,,,
e03,email subject,downloads/publishing-kit/emails/e03/subject.txt,emails/e03/subject.txt,False,35,b887f8a27b360905e84d2ffaab463c529a6ad3872cc56defbb27f236f6b7ff0b,campaign-data.js,CAMPAIGN.emails[id=e03].subject,file_exported; activation_held,"REVIEW ONLY — NOT ACTIVATED. Technical claims, destination/form/tracking, audience, owner and human release approval remain required. Source URLs are unverified; no publishing or send authority.",source_provided_unverified,754ba9aeb0fcd8c69d1f595f418644921dd9428bb89fc8c09c9096e03ef28d96,,,
e03,email preheader,downloads/publishing-kit/emails/e03/preheader.txt,emails/e03/preheader.txt,False,74,1147141ab0d1f35cf2bfbf24c1fbab195ca63186e7d3d612c3dd3f0c28353ab4,campaign-data.js,CAMPAIGN.emails[id=e03].preheader,file_exported; activation_held,"REVIEW ONLY — NOT ACTIVATED. Technical claims, destination/form/tracking, audience, owner and human release approval remain required. Source URLs are unverified; no publishing or send authority.",source_provided_unverified,754ba9aeb0fcd8c69d1f595f418644921dd9428bb89fc8c09c9096e03ef28d96,,,
e03,complete source copy,downloads/publishing-kit/emails/e03/source-copy.json,emails/e03/source-copy.json,False,1002,d4088f999dbe1f97ac0de3acf4eaf207df4765fb628c7ab667092fb8aeb975e7,campaign-data.js,CAMPAIGN.emails[id=e03],file_exported; activation_held,"REVIEW ONLY — NOT ACTIVATED. Technical claims, destination/form/tracking, audience, owner and human release approval remain required. Source URLs are unverified; no publishing or send authority.",source_provided_unverified,754ba9aeb0fcd8c69d1f595f418644921dd9428bb89fc8c09c9096e03ef28d96,,,
e03,email design screenshot,downloads/publishing-kit/emails/e03/e03-email-design.png,emails/e03/e03-email-design.png,False,780568,77cc590b8ef3b618ef5e601513960384e940d115f2483aa6058540336998566d,assets/email/e03-email.webp,CAMPAIGN.emails[id=e03],file_exported; activation_held,"REVIEW ONLY — NOT ACTIVATED. Technical claims, destination/form/tracking, audience, owner and human release approval remain required. Source URLs are unverified; no publishing or send authority.",source_provided_unverified,62cf8441fd3d7323f3d1ee20e010899e316247bf8c1252600679bd7457ca2699,1200,900,
e03,instructions,downloads/publishing-kit/emails/e03/README.txt,emails/e03/README.txt,False,758,09f5e80be11ccb9ac9627781f801131b19e69e56d85bec5b46e2f0f4049a604a,campaign-data.js,,file_exported; activation_held,"REVIEW ONLY — NOT ACTIVATED. Technical claims, destination/form/tracking, audience, owner and human release approval remain required. Source URLs are unverified; no publishing or send authority.",source_provided_unverified,754ba9aeb0fcd8c69d1f595f418644921dd9428bb89fc8c09c9096e03ef28d96,,,
e04,email copy,downloads/publishing-kit/emails/e04/email.txt,emails/e04/email.txt,False,788,130d92baa5033eca70841f68e74e039fa932def970bf3001545220d2c116c3dc,campaign-data.js,CAMPAIGN.emails[id=e04],file_exported; activation_held,"REVIEW ONLY — NOT ACTIVATED. Technical claims, destination/form/tracking, audience, owner and human release approval remain required. Source URLs are unverified; no publishing or send authority.",source_provided_unverified,754ba9aeb0fcd8c69d1f595f418644921dd9428bb89fc8c09c9096e03ef28d96,,,
e04,email subject,downloads/publishing-kit/emails/e04/subject.txt,emails/e04/subject.txt,False,46,f837f2744dd8f63a8c672ac3ccd9f79c53185d3f26ea15024ef3d9bbab6e734b,campaign-data.js,CAMPAIGN.emails[id=e04].subject,file_exported; activation_held,"REVIEW ONLY — NOT ACTIVATED. Technical claims, destination/form/tracking, audience, owner and human release approval remain required. Source URLs are unverified; no publishing or send authority.",source_provided_unverified,754ba9aeb0fcd8c69d1f595f418644921dd9428bb89fc8c09c9096e03ef28d96,,,
e04,email preheader,downloads/publishing-kit/emails/e04/preheader.txt,emails/e04/preheader.txt,False,68,a0a6b5ae9ef7d15d4392f824d8f50626bd065150bf7a164d70c87811e8e47492,campaign-data.js,CAMPAIGN.emails[id=e04].preheader,file_exported; activation_held,"REVIEW ONLY — NOT ACTIVATED. Technical claims, destination/form/tracking, audience, owner and human release approval remain required. Source URLs are unverified; no publishing or send authority.",source_provided_unverified,754ba9aeb0fcd8c69d1f595f418644921dd9428bb89fc8c09c9096e03ef28d96,,,
e04,complete source copy,downloads/publishing-kit/emails/e04/source-copy.json,emails/e04/source-copy.json,False,1012,5f1b6aeeb4e6c095126bec5dc9dc3d173afb5225a4eb6adf4ccde3e73d01263d,campaign-data.js,CAMPAIGN.emails[id=e04],file_exported; activation_held,"REVIEW ONLY — NOT ACTIVATED. Technical claims, destination/form/tracking, audience, owner and human release approval remain required. Source URLs are unverified; no publishing or send authority.",source_provided_unverified,754ba9aeb0fcd8c69d1f595f418644921dd9428bb89fc8c09c9096e03ef28d96,,,
e04,email design screenshot,downloads/publishing-kit/emails/e04/e04-email-design.png,emails/e04/e04-email-design.png,False,602033,6c70282d22fca4104558ee0f8788ac86c98f1fb484d3a67229bb3554db26adc5,assets/email/e04-email.webp,CAMPAIGN.emails[id=e04],file_exported; activation_held,"REVIEW ONLY — NOT ACTIVATED. Technical claims, destination/form/tracking, audience, owner and human release approval remain required. Source URLs are unverified; no publishing or send authority.",source_provided_unverified,65ec63c8815316f42edc63a2d50c517f917745207fce07847572e57c7fd89899,1200,900,
e04,instructions,downloads/publishing-kit/emails/e04/README.txt,emails/e04/README.txt,False,765,0d14a260e5b5c65309d1a431f7b08b133bd37a2e9dc0dacfa448824ffbb7d6d1,campaign-data.js,,file_exported; activation_held,"REVIEW ONLY — NOT ACTIVATED. Technical claims, destination/form/tracking, audience, owner and human release approval remain required. Source URLs are unverified; no publishing or send authority.",source_provided_unverified,754ba9aeb0fcd8c69d1f595f418644921dd9428bb89fc8c09c9096e03ef28d96,,,
e05,email copy,downloads/publishing-kit/emails/e05/email.txt,emails/e05/email.txt,False,739,f27912493ea5af160ce90204ac7aceb63efc73fd0d4c9fd239d06e5409b3dce6,campaign-data.js,CAMPAIGN.emails[id=e05],file_exported; activation_held,"REVIEW ONLY — NOT ACTIVATED. Technical claims, destination/form/tracking, audience, owner and human release approval remain required. Source URLs are unverified; no publishing or send authority.",source_provided_unverified,754ba9aeb0fcd8c69d1f595f418644921dd9428bb89fc8c09c9096e03ef28d96,,,
e05,email subject,downloads/publishing-kit/emails/e05/subject.txt,emails/e05/subject.txt,False,40,626a1ab5dd8c05ed77b6c52cb801f5885cfd5a800ed467a2b4aa061be5cfe5d0,campaign-data.js,CAMPAIGN.emails[id=e05].subject,file_exported; activation_held,"REVIEW ONLY — NOT ACTIVATED. Technical claims, destination/form/tracking, audience, owner and human release approval remain required. Source URLs are unverified; no publishing or send authority.",source_provided_unverified,754ba9aeb0fcd8c69d1f595f418644921dd9428bb89fc8c09c9096e03ef28d96,,,
e05,email preheader,downloads/publishing-kit/emails/e05/preheader.txt,emails/e05/preheader.txt,False,74,9340fe7d2fbef0be0b7978a0b97688ce966e3e5ffcf551fc3505ffe7a5db3032,campaign-data.js,CAMPAIGN.emails[id=e05].preheader,file_exported; activation_held,"REVIEW ONLY — NOT ACTIVATED. Technical claims, destination/form/tracking, audience, owner and human release approval remain required. Source URLs are unverified; no publishing or send authority.",source_provided_unverified,754ba9aeb0fcd8c69d1f595f418644921dd9428bb89fc8c09c9096e03ef28d96,,,
e05,complete source copy,downloads/publishing-kit/emails/e05/source-copy.json,emails/e05/source-copy.json,False,973,c019650e1800bf46eee8d8901217533a1a02fd9c8ffe8975665f857b8421eb3e,campaign-data.js,CAMPAIGN.emails[id=e05],file_exported; activation_held,"REVIEW ONLY — NOT ACTIVATED. Technical claims, destination/form/tracking, audience, owner and human release approval remain required. Source URLs are unverified; no publishing or send authority.",source_provided_unverified,754ba9aeb0fcd8c69d1f595f418644921dd9428bb89fc8c09c9096e03ef28d96,,,
e05,email design screenshot,downloads/publishing-kit/emails/e05/e05-email-design.png,emails/e05/e05-email-design.png,False,739015,223d664346beb7386b5adeaaca4e1ec4b185cbdcb55457aa8bbdd9a5543deff7,assets/email/e05-email.webp,CAMPAIGN.emails[id=e05],file_exported; activation_held,"REVIEW ONLY — NOT ACTIVATED. Technical claims, destination/form/tracking, audience, owner and human release approval remain required. Source URLs are unverified; no publishing or send authority.",source_provided_unverified,caf31bd3c9fc28388e3c63559e62151ac76428c6de10746b502fd350fbba77c1,1200,900,
e05,instructions,downloads/publishing-kit/emails/e05/README.txt,emails/e05/README.txt,False,765,dec89b66a482e893d6a72434fbfdad1ff95745218933751e7e89644550b26b63,campaign-data.js,,file_exported; activation_held,"REVIEW ONLY — NOT ACTIVATED. Technical claims, destination/form/tracking, audience, owner and human release approval remain required. Source URLs are unverified; no publishing or send authority.",source_provided_unverified,754ba9aeb0fcd8c69d1f595f418644921dd9428bb89fc8c09c9096e03ef28d96,,,
e06,email copy,downloads/publishing-kit/emails/e06/email.txt,emails/e06/email.txt,False,800,4516a7e169e84c16ae607003ca9fc4d5b7b16c76b3656d789c00a9ac4bef6e1b,campaign-data.js,CAMPAIGN.emails[id=e06],file_exported; activation_held,"REVIEW ONLY — NOT ACTIVATED. Technical claims, destination/form/tracking, audience, owner and human release approval remain required. Source URLs are unverified; no publishing or send authority.",source_provided_unverified,754ba9aeb0fcd8c69d1f595f418644921dd9428bb89fc8c09c9096e03ef28d96,,,
e06,email subject,downloads/publishing-kit/emails/e06/subject.txt,emails/e06/subject.txt,False,39,3c29dcb3e82b7a7ac3075c4e1c9dd6531257cc7215112cc86a855c3a660ceb95,campaign-data.js,CAMPAIGN.emails[id=e06].subject,file_exported; activation_held,"REVIEW ONLY — NOT ACTIVATED. Technical claims, destination/form/tracking, audience, owner and human release approval remain required. Source URLs are unverified; no publishing or send authority.",source_provided_unverified,754ba9aeb0fcd8c69d1f595f418644921dd9428bb89fc8c09c9096e03ef28d96,,,
e06,email preheader,downloads/publishing-kit/emails/e06/preheader.txt,emails/e06/preheader.txt,False,61,d55d774c37728eb321861d0e5e2bdff1d03901f1ed65a896f3dfbc74ce2e9027,campaign-data.js,CAMPAIGN.emails[id=e06].preheader,file_exported; activation_held,"REVIEW ONLY — NOT ACTIVATED. Technical claims, destination/form/tracking, audience, owner and human release approval remain required. Source URLs are unverified; no publishing or send authority.",source_provided_unverified,754ba9aeb0fcd8c69d1f595f418644921dd9428bb89fc8c09c9096e03ef28d96,,,
e06,complete source copy,downloads/publishing-kit/emails/e06/source-copy.json,emails/e06/source-copy.json,False,1038,80ec9be2d34890d89a455b51423e34181dc12e05b719d31637e8ab4016ca4b87,campaign-data.js,CAMPAIGN.emails[id=e06],file_exported; activation_held,"REVIEW ONLY — NOT ACTIVATED. Technical claims, destination/form/tracking, audience, owner and human release approval remain required. Source URLs are unverified; no publishing or send authority.",source_provided_unverified,754ba9aeb0fcd8c69d1f595f418644921dd9428bb89fc8c09c9096e03ef28d96,,,
e06,email design screenshot,downloads/publishing-kit/emails/e06/e06-email-design.png,emails/e06/e06-email-design.png,False,497306,ceba6ed5751f2ab4e904578f9024aa11cc1c3429590921b6627667f9fc89504a,assets/email/e06-email.webp,CAMPAIGN.emails[id=e06],file_exported; activation_held,"REVIEW ONLY — NOT ACTIVATED. Technical claims, destination/form/tracking, audience, owner and human release approval remain required. Source URLs are unverified; no publishing or send authority.",source_provided_unverified,2ddce98200d890b460af75be678ddfe46d42d924a6b6a073122e66f60a584b36,1200,900,
e06,instructions,downloads/publishing-kit/emails/e06/README.txt,emails/e06/README.txt,False,773,02d4014c8271eec1910a16be3092a0689b907c8d518d8feac12f2d15a3cca295,campaign-data.js,,file_exported; activation_held,"REVIEW ONLY — NOT ACTIVATED. Technical claims, destination/form/tracking, audience, owner and human release approval remain required. Source URLs are unverified; no publishing or send authority.",source_provided_unverified,754ba9aeb0fcd8c69d1f595f418644921dd9428bb89fc8c09c9096e03ef28d96,,,
e07,email copy,downloads/publishing-kit/emails/e07/email.txt,emails/e07/email.txt,False,794,f28c9156415756d5f4661921f3c789448c5f0a4a6e92976d3e2ee3099bbe8595,campaign-data.js,CAMPAIGN.emails[id=e07],file_exported; activation_held,"REVIEW ONLY — NOT ACTIVATED. Technical claims, destination/form/tracking, audience, owner and human release approval remain required. Source URLs are unverified; no publishing or send authority.",source_provided_unverified,754ba9aeb0fcd8c69d1f595f418644921dd9428bb89fc8c09c9096e03ef28d96,,,
e07,email subject,downloads/publishing-kit/emails/e07/subject.txt,emails/e07/subject.txt,False,34,4ff45d686bc38e89dee2e4a5b13cd43964532fe662367058a5e48f9b5baa78a0,campaign-data.js,CAMPAIGN.emails[id=e07].subject,file_exported; activation_held,"REVIEW ONLY — NOT ACTIVATED. Technical claims, destination/form/tracking, audience, owner and human release approval remain required. Source URLs are unverified; no publishing or send authority.",source_provided_unverified,754ba9aeb0fcd8c69d1f595f418644921dd9428bb89fc8c09c9096e03ef28d96,,,
e07,email preheader,downloads/publishing-kit/emails/e07/preheader.txt,emails/e07/preheader.txt,False,67,ff35b3760edf0811b9dce983b21ea0cabf80bdfdc3b73147984480b00cc64472,campaign-data.js,CAMPAIGN.emails[id=e07].preheader,file_exported; activation_held,"REVIEW ONLY — NOT ACTIVATED. Technical claims, destination/form/tracking, audience, owner and human release approval remain required. Source URLs are unverified; no publishing or send authority.",source_provided_unverified,754ba9aeb0fcd8c69d1f595f418644921dd9428bb89fc8c09c9096e03ef28d96,,,
e07,complete source copy,downloads/publishing-kit/emails/e07/source-copy.json,emails/e07/source-copy.json,False,1025,e115b57d0d21ce1e8e6c8a6b5a8e96b4a0c725b022ecb464bd29d5467419bd75,campaign-data.js,CAMPAIGN.emails[id=e07],file_exported; activation_held,"REVIEW ONLY — NOT ACTIVATED. Technical claims, destination/form/tracking, audience, owner and human release approval remain required. Source URLs are unverified; no publishing or send authority.",source_provided_unverified,754ba9aeb0fcd8c69d1f595f418644921dd9428bb89fc8c09c9096e03ef28d96,,,
e07,email design screenshot,downloads/publishing-kit/emails/e07/e07-email-design.png,emails/e07/e07-email-design.png,False,577401,8762d5c8ea7633a5d62c259025b547826ec3cf0be4ec8dfba0d095fb5ac5680e,assets/email/e07-email.webp,CAMPAIGN.emails[id=e07],file_exported; activation_held,"REVIEW ONLY — NOT ACTIVATED. Technical claims, destination/form/tracking, audience, owner and human release approval remain required. Source URLs are unverified; no publishing or send authority.",source_provided_unverified,f16d58ed0447ae40e9b81e4f4f4c760fc347c08a3800a2295599a791cb0c4a53,1200,900,
e07,instructions,downloads/publishing-kit/emails/e07/README.txt,emails/e07/README.txt,False,752,b7d5426b52b2871c9496d829145bfe3e256cc3c434962ea2a586fc00288950a1,campaign-data.js,,file_exported; activation_held,"REVIEW ONLY — NOT ACTIVATED. Technical claims, destination/form/tracking, audience, owner and human release approval remain required. Source URLs are unverified; no publishing or send authority.",source_provided_unverified,754ba9aeb0fcd8c69d1f595f418644921dd9428bb89fc8c09c9096e03ef28d96,,,
e08,email copy,downloads/publishing-kit/emails/e08/email.txt,emails/e08/email.txt,False,783,36ef5f16ccc8fbd0828611e3e7c672b4b85fd36dfa5470af34e401a351ba35a0,campaign-data.js,CAMPAIGN.emails[id=e08],file_exported; activation_held,"REVIEW ONLY — NOT ACTIVATED. Technical claims, destination/form/tracking, audience, owner and human release approval remain required. Source URLs are unverified; no publishing or send authority.",source_provided_unverified,754ba9aeb0fcd8c69d1f595f418644921dd9428bb89fc8c09c9096e03ef28d96,,,
e08,email subject,downloads/publishing-kit/emails/e08/subject.txt,emails/e08/subject.txt,False,59,9fe89c4b3685e03af1295793c6175f31f4a8f8c494afb12fefa5743d8dcf3699,campaign-data.js,CAMPAIGN.emails[id=e08].subject,file_exported; activation_held,"REVIEW ONLY — NOT ACTIVATED. Technical claims, destination/form/tracking, audience, owner and human release approval remain required. Source URLs are unverified; no publishing or send authority.",source_provided_unverified,754ba9aeb0fcd8c69d1f595f418644921dd9428bb89fc8c09c9096e03ef28d96,,,
e08,email preheader,downloads/publishing-kit/emails/e08/preheader.txt,emails/e08/preheader.txt,False,57,a44b0ca2163ea868f2f64565cf912b7047dea9776d471739b9449aebb1556111,campaign-data.js,CAMPAIGN.emails[id=e08].preheader,file_exported; activation_held,"REVIEW ONLY — NOT ACTIVATED. Technical claims, destination/form/tracking, audience, owner and human release approval remain required. Source URLs are unverified; no publishing or send authority.",source_provided_unverified,754ba9aeb0fcd8c69d1f595f418644921dd9428bb89fc8c09c9096e03ef28d96,,,
e08,complete source copy,downloads/publishing-kit/emails/e08/source-copy.json,emails/e08/source-copy.json,False,1033,9bd47ccb1912d864c1df096c95be0c34a39fee23d3f83922c061a9e89073b281,campaign-data.js,CAMPAIGN.emails[id=e08],file_exported; activation_held,"REVIEW ONLY — NOT ACTIVATED. Technical claims, destination/form/tracking, audience, owner and human release approval remain required. Source URLs are unverified; no publishing or send authority.",source_provided_unverified,754ba9aeb0fcd8c69d1f595f418644921dd9428bb89fc8c09c9096e03ef28d96,,,
e08,email design screenshot,downloads/publishing-kit/emails/e08/e08-email-design.png,emails/e08/e08-email-design.png,False,660827,dd2e6b2730007f92fee92a63a753efdf41b57455e1785b8e0555a6371b5e4cf8,assets/email/e08-email.webp,CAMPAIGN.emails[id=e08],file_exported; activation_held,"REVIEW ONLY — NOT ACTIVATED. Technical claims, destination/form/tracking, audience, owner and human release approval remain required. Source URLs are unverified; no publishing or send authority.",source_provided_unverified,bad023666b2940237bb4a57d4a0a0e935ec5ddd19920b111e881a357d051281c,1200,900,
e08,instructions,downloads/publishing-kit/emails/e08/README.txt,emails/e08/README.txt,False,779,6a174afa4df8bebbe355c6e644363fdf176cb00041fa1e9fb1cd686f5f908394,campaign-data.js,,file_exported; activation_held,"REVIEW ONLY — NOT ACTIVATED. Technical claims, destination/form/tracking, audience, owner and human release approval remain required. Source URLs are unverified; no publishing or send authority.",source_provided_unverified,754ba9aeb0fcd8c69d1f595f418644921dd9428bb89fc8c09c9096e03ef28d96,,,
architecture-website,website study,downloads/publishing-kit/website-studies/architecture-website.png,website-studies/architecture-website.png,False,766501,b3771128d7f7d2913bb336b9957ef68ef177181f92080d026e492353989904fc,assets/website/architecture-website.webp,,file_exported; activation_held,"REVIEW ONLY — NOT ACTIVATED. Technical claims, destination/form/tracking, audience, owner and human release approval remain required. Source URLs are unverified; no publishing or send authority.",source_provided_unverified,d82c4481d59b7c924b606801008fdfa821340ba2d6f75aeaf0490db6b9ab6570,1600,900,
clinic-website,website study,downloads/publishing-kit/website-studies/clinic-website.png,website-studies/clinic-website.png,False,733050,26bafc8199572d943feb073a3a75ef234c9123eed92ff0fd846915ae1f6245f6,assets/website/clinic-website.webp,,file_exported; activation_held,"REVIEW ONLY — NOT ACTIVATED. Technical claims, destination/form/tracking, audience, owner and human release approval remain required. Source URLs are unverified; no publishing or send authority.",source_provided_unverified,88325fc3e5691d132ddc551a45b479228fa16d0f34abf70bfd5c59365dbf4260,1600,900,
hero-website,website study,downloads/publishing-kit/website-studies/hero-website.png,website-studies/hero-website.png,False,692595,136e0d80013b9cd5da393d940d9a2613b6d8470774033d6f496d4f8950857844,assets/website/hero-website.webp,,file_exported; activation_held,"REVIEW ONLY — NOT ACTIVATED. Technical claims, destination/form/tracking, audience, owner and human release approval remain required. Source URLs are unverified; no publishing or send authority.",source_provided_unverified,f56cf4c8836a116b354727ab4c94e570d97a15b5092c669d901c1e94b7bd3d28,1600,900,
verticals-website,website study,downloads/publishing-kit/website-studies/verticals-website.png,website-studies/verticals-website.png,False,980227,e6c7140d24b81bd5b74fdbb7406ca1bead96b34b1713079370034c8ca3764978,assets/website/verticals-website.webp,,file_exported; activation_held,"REVIEW ONLY — NOT ACTIVATED. Technical claims, destination/form/tracking, audience, owner and human release approval remain required. Source URLs are unverified; no publishing or send authority.",source_provided_unverified,a2f58e7e0723d615ab8ddb69743ccdb76a1b983f52ec52991fb18cd0149c12d2,1600,900,
website,instructions,downloads/publishing-kit/website-studies/README.txt,website-studies/README.txt,False,280,c4da3756a3405d34d60599a73637fbab5b35c64cc7f3d3808e143a8fddc3bf3e,campaign-data.js,,file_exported; activation_held,"REVIEW ONLY — NOT ACTIVATED. Technical claims, destination/form/tracking, audience, owner and human release approval remain required. Source URLs are unverified; no publishing or send authority.",source_provided_unverified,754ba9aeb0fcd8c69d1f595f418644921dd9428bb89fc8c09c9096e03ef28d96,,,
coverage-boundary-frame,motion study,downloads/publishing-kit/motion-studies/coverage-boundary-frame.jpg,motion-studies/coverage-boundary-frame.jpg,False,105945,c105dde43616a9867b203d08ce2722a46700a32e4b79f188fd25843075d067de,assets/motion/coverage-boundary-frame.jpg,,file_exported; activation_held,"REVIEW ONLY — NOT ACTIVATED. Technical claims, destination/form/tracking, audience, owner and human release approval remain required. Source URLs are unverified; no publishing or send authority.",source_provided_unverified,c105dde43616a9867b203d08ce2722a46700a32e4b79f188fd25843075d067de,,,
coverage-boundary-loop,motion study,downloads/publishing-kit/motion-studies/coverage-boundary-loop.mp4,motion-studies/coverage-boundary-loop.mp4,False,6515998,0ca0ee32a9ba1b3f689209571ed089180de35e6daf66de1877930a81b7d7c5a9,assets/motion/coverage-boundary-loop.mp4,,file_exported; activation_held,"REVIEW ONLY — NOT ACTIVATED. Technical claims, destination/form/tracking, audience, owner and human release approval remain required. Source URLs are unverified; no publishing or send authority.",source_provided_unverified,0ca0ee32a9ba1b3f689209571ed089180de35e6daf66de1877930a81b7d7c5a9,,,
engineering-design-frame,motion study,downloads/publishing-kit/motion-studies/engineering-design-frame.jpg,motion-studies/engineering-design-frame.jpg,False,115845,ecd3ce6702feec357b007822d307bdb391ee4b520b628d688911d009134828d4,assets/motion/engineering-design-frame.jpg,,file_exported; activation_held,"REVIEW ONLY — NOT ACTIVATED. Technical claims, destination/form/tracking, audience, owner and human release approval remain required. Source URLs are unverified; no publishing or send authority.",source_provided_unverified,ecd3ce6702feec357b007822d307bdb391ee4b520b628d688911d009134828d4,,,
engineering-design-loop,motion study,downloads/publishing-kit/motion-studies/engineering-design-loop.mp4,motion-studies/engineering-design-loop.mp4,False,8273970,d94ae0dd2aad776e5600e6b07afc27a6bb7ae48bb6fdcda1d1e0f567794ad01f,assets/motion/engineering-design-loop.mp4,,file_exported; activation_held,"REVIEW ONLY — NOT ACTIVATED. Technical claims, destination/form/tracking, audience, owner and human release approval remain required. Source URLs are unverified; no publishing or send authority.",source_provided_unverified,d94ae0dd2aad776e5600e6b07afc27a6bb7ae48bb6fdcda1d1e0f567794ad01f,,,
motion,instructions,downloads/publishing-kit/motion-studies/README.txt,motion-studies/README.txt,False,279,10085097a01641fccc243ab59ea20f53d05484237c122ca4642c7ea852e0f30f,campaign-data.js,,file_exported; activation_held,"REVIEW ONLY — NOT ACTIVATED. Technical claims, destination/form/tracking, audience, owner and human release approval remain required. Source URLs are unverified; no publishing or send authority.",source_provided_unverified,754ba9aeb0fcd8c69d1f595f418644921dd9428bb89fc8c09c9096e03ef28d96,,,
readiness-guide,existing guide PDF,downloads/publishing-kit/guide/hybrid-iot-readiness-guide.pdf,guide/hybrid-iot-readiness-guide.pdf,False,2687671,920c333b34158aba3205b867c4cbbfb2f1a0dd17adf207038660c99b83e98c1e,downloads/hybrid-iot-readiness-guide.pdf,,file_exported; activation_held,"REVIEW ONLY — NOT ACTIVATED. Technical claims, destination/form/tracking, audience, owner and human release approval remain required. Source URLs are unverified; no publishing or send authority.",source_provided_unverified,920c333b34158aba3205b867c4cbbfb2f1a0dd17adf207038660c99b83e98c1e,,,8
calendar,proposed calendar,downloads/publishing-kit/evidence/campaign-calendar.csv,evidence/campaign-calendar.csv,False,4501,b31d8fe63fe8ed20c8a6bbd2fa21d1c6f8722ab16e4c1b04fcbe4e3089dc0f77,downloads/campaign-calendar.csv,,file_exported; activation_held,"REVIEW ONLY — NOT ACTIVATED. Technical claims, destination/form/tracking, audience, owner and human release approval remain required. Source URLs are unverified; no publishing or send authority.",source_provided_unverified,b31d8fe63fe8ed20c8a6bbd2fa21d1c6f8722ab16e4c1b04fcbe4e3089dc0f77,,,
paidSearch,exact source copy,downloads/publishing-kit/paid-search/copy.txt,paid-search/copy.txt,False,1904,488ed803adf3f16b72089ec41620b5e0a4778c18a538f7a9f7be8ce7180a308c,campaign-data.js,CAMPAIGN.paidSearch,file_exported; activation_held,"REVIEW ONLY — NOT ACTIVATED. Technical claims, destination/form/tracking, audience, owner and human release approval remain required. Source URLs are unverified; no publishing or send authority.",source_provided_unverified,754ba9aeb0fcd8c69d1f595f418644921dd9428bb89fc8c09c9096e03ef28d96,,,
paidSearch,instructions,downloads/publishing-kit/paid-search/README.txt,paid-search/README.txt,False,286,0ec7e9fdcc6426ecfc41e4efac12d1f1da21a93180fb5e9b4dd1b23866ff7d2f,campaign-data.js,,file_exported; activation_held,"REVIEW ONLY — NOT ACTIVATED. Technical claims, destination/form/tracking, audience, owner and human release approval remain required. Source URLs are unverified; no publishing or send authority.",source_provided_unverified,754ba9aeb0fcd8c69d1f595f418644921dd9428bb89fc8c09c9096e03ef28d96,,,
retargeting,exact source copy,downloads/publishing-kit/retargeting/copy.txt,retargeting/copy.txt,False,771,534b4eb7b08e238ba3bad7de7eab890fb76a78d8a7b167d7eb323a5591139bd8,campaign-data.js,CAMPAIGN.retargeting,file_exported; activation_held,"REVIEW ONLY — NOT ACTIVATED. Technical claims, destination/form/tracking, audience, owner and human release approval remain required. Source URLs are unverified; no publishing or send authority.",source_provided_unverified,754ba9aeb0fcd8c69d1f595f418644921dd9428bb89fc8c09c9096e03ef28d96,,,
retargeting,instructions,downloads/publishing-kit/retargeting/README.txt,retargeting/README.txt,False,286,0ec7e9fdcc6426ecfc41e4efac12d1f1da21a93180fb5e9b4dd1b23866ff7d2f,campaign-data.js,,file_exported; activation_held,"REVIEW ONLY — NOT ACTIVATED. Technical claims, destination/form/tracking, audience, owner and human release approval remain required. Source URLs are unverified; no publishing or send authority.",source_provided_unverified,754ba9aeb0fcd8c69d1f595f418644921dd9428bb89fc8c09c9096e03ef28d96,,,
talkTracks,exact source copy,downloads/publishing-kit/sales-talk-tracks/copy.txt,sales-talk-tracks/copy.txt,False,1842,92db02ed01c3f903e91a8581148b180c3d223699f241874b72b0172fa8c015c9,campaign-data.js,CAMPAIGN.talkTracks,file_exported; activation_held,"REVIEW ONLY — NOT ACTIVATED. Technical claims, destination/form/tracking, audience, owner and human release approval remain required. Source URLs are unverified; no publishing or send authority.",source_provided_unverified,754ba9aeb0fcd8c69d1f595f418644921dd9428bb89fc8c09c9096e03ef28d96,,,
talkTracks,instructions,downloads/publishing-kit/sales-talk-tracks/README.txt,sales-talk-tracks/README.txt,False,286,0ec7e9fdcc6426ecfc41e4efac12d1f1da21a93180fb5e9b4dd1b23866ff7d2f,campaign-data.js,,file_exported; activation_held,"REVIEW ONLY — NOT ACTIVATED. Technical claims, destination/form/tracking, audience, owner and human release approval remain required. Source URLs are unverified; no publishing or send authority.",source_provided_unverified,754ba9aeb0fcd8c69d1f595f418644921dd9428bb89fc8c09c9096e03ef28d96,,,
website,exact source copy,downloads/publishing-kit/website-copy/copy.txt,website-copy/copy.txt,False,1448,dad98744c217834923dd9f6c45c81d995c0c2014717e02f6d5dead785c359c24,campaign-data.js,CAMPAIGN.website,file_exported; activation_held,"REVIEW ONLY — NOT ACTIVATED. Technical claims, destination/form/tracking, audience, owner and human release approval remain required. Source URLs are unverified; no publishing or send authority.",source_provided_unverified,754ba9aeb0fcd8c69d1f595f418644921dd9428bb89fc8c09c9096e03ef28d96,,,
website,instructions,downloads/publishing-kit/website-copy/README.txt,website-copy/README.txt,False,286,0ec7e9fdcc6426ecfc41e4efac12d1f1da21a93180fb5e9b4dd1b23866ff7d2f,campaign-data.js,,file_exported; activation_held,"REVIEW ONLY — NOT ACTIVATED. Technical claims, destination/form/tracking, audience, owner and human release approval remain required. Source URLs are unverified; no publishing or send authority.",source_provided_unverified,754ba9aeb0fcd8c69d1f595f418644921dd9428bb89fc8c09c9096e03ef28d96,,,
start-here,instructions,downloads/publishing-kit/START-HERE.md,START-HERE.md,False,1402,cd41f9ed94f72baebf444d1124e92e5ab625768fec0dc32336ca2b3e79e13338,campaign-data.js,,file_exported; activation_held,"REVIEW ONLY — NOT ACTIVATED. Technical claims, destination/form/tracking, audience, owner and human release approval remain required. Source URLs are unverified; no publishing or send authority.",source_provided_unverified,754ba9aeb0fcd8c69d1f595f418644921dd9428bb89fc8c09c9096e03ef28d96,,,
w01,weekly ZIP,downloads/w01-publishing-kit.zip,,True,2208527,c3f8be4db09420ade0efe6f7f116d657bcc91ad0eb36cb2fdc0e67cccefc6d4b,,,file_exported; activation_held,"REVIEW ONLY — NOT ACTIVATED. Technical claims, destination/form/tracking, audience, owner and human release approval remain required. Source URLs are unverified; no publishing or send authority.",source_provided_unverified,,,,
w02,weekly ZIP,downloads/w02-publishing-kit.zip,,True,3100130,b3b76d46ce3ad25aaa4718d28844c07d626cfb11c029ece575fc923ffce98b67,,,file_exported; activation_held,"REVIEW ONLY — NOT ACTIVATED. Technical claims, destination/form/tracking, audience, owner and human release approval remain required. Source URLs are unverified; no publishing or send authority.",source_provided_unverified,,,,
w03,weekly ZIP,downloads/w03-publishing-kit.zip,,True,2706381,4183f516504637a6909598b69ea74478be4207dded6b0a6712fd6b5454b78d5b,,,file_exported; activation_held,"REVIEW ONLY — NOT ACTIVATED. Technical claims, destination/form/tracking, audience, owner and human release approval remain required. Source URLs are unverified; no publishing or send authority.",source_provided_unverified,,,,
w04,weekly ZIP,downloads/w04-publishing-kit.zip,,True,4445018,6f346a93c65e6d1b28b67e0075d33e8ca54e96abe12b024b3603cb2fc4340e50,,,file_exported; activation_held,"REVIEW ONLY — NOT ACTIVATED. Technical claims, destination/form/tracking, audience, owner and human release approval remain required. Source URLs are unverified; no publishing or send authority.",source_provided_unverified,,,,
w05,weekly ZIP,downloads/w05-publishing-kit.zip,,True,2428409,547eaa69fa9130f3d5728df6f21441d5e445a610fe52cb858cb7e876d86f885c,,,file_exported; activation_held,"REVIEW ONLY — NOT ACTIVATED. Technical claims, destination/form/tracking, audience, owner and human release approval remain required. Source URLs are unverified; no publishing or send authority.",source_provided_unverified,,,,
w06,weekly ZIP,downloads/w06-publishing-kit.zip,,True,3200143,0274bd1e14da3473eb4b7a494b5460af69e6d52feeda3ce4d489776b81e7274a,,,file_exported; activation_held,"REVIEW ONLY — NOT ACTIVATED. Technical claims, destination/form/tracking, audience, owner and human release approval remain required. Source URLs are unverified; no publishing or send authority.",source_provided_unverified,,,,
w07,weekly ZIP,downloads/w07-publishing-kit.zip,,True,3785691,3d15c05f7887fde67bf54f76fb30f45469db9b524d785d3637448ad967b7816a,,,file_exported; activation_held,"REVIEW ONLY — NOT ACTIVATED. Technical claims, destination/form/tracking, audience, owner and human release approval remain required. Source URLs are unverified; no publishing or send authority.",source_provided_unverified,,,,
w08,weekly ZIP,downloads/w08-publishing-kit.zip,,True,1795265,24b756cb8f5105e79b73e2df4e0f2b0dc4e71032bff42ef97c74437d578f4361,,,file_exported; activation_held,"REVIEW ONLY — NOT ACTIVATED. Technical claims, destination/form/tracking, audience, owner and human release approval remain required. Source URLs are unverified; no publishing or send authority.",source_provided_unverified,,,,
w09,weekly ZIP,downloads/w09-publishing-kit.zip,,True,2673259,d1fa22a6e294f7236f3ce6bab90971d9f0c8c1d42e2ab04dc5a117ca1f00d9cd,,,file_exported; activation_held,"REVIEW ONLY — NOT ACTIVATED. Technical claims, destination/form/tracking, audience, owner and human release approval remain required. Source URLs are unverified; no publishing or send authority.",source_provided_unverified,,,,
w10,weekly ZIP,downloads/w10-publishing-kit.zip,,True,2224857,815b5c47136ea726f41b780b983a93d1935dac9073ed5f7318d0eecf596154b8,,,file_exported; activation_held,"REVIEW ONLY — NOT ACTIVATED. Technical claims, destination/form/tracking, audience, owner and human release approval remain required. Source URLs are unverified; no publishing or send authority.",source_provided_unverified,,,,
w11,weekly ZIP,downloads/w11-publishing-kit.zip,,True,2730770,eda123fe8455401014596aa788e1dc595c7f6373f1912f3d3804f641409cf822,,,file_exported; activation_held,"REVIEW ONLY — NOT ACTIVATED. Technical claims, destination/form/tracking, audience, owner and human release approval remain required. Source URLs are unverified; no publishing or send authority.",source_provided_unverified,,,,
w12,weekly ZIP,downloads/w12-publishing-kit.zip,,True,2414408,711d6f0fe35a003ffedc383db6aacb5fd854d1e94ee43cbb081ecd5074fd8e28,,,file_exported; activation_held,"REVIEW ONLY — NOT ACTIVATED. Technical claims, destination/form/tracking, audience, owner and human release approval remain required. Source URLs are unverified; no publishing or send authority.",source_provided_unverified,,,,
e01,email ZIP,downloads/e01-email-kit.zip,,True,585906,3c581a56ae044bed9d302f4f0526d80bd1a4da020895c1f064cec5a6ebbc7763,,,file_exported; activation_held,"REVIEW ONLY — NOT ACTIVATED. Technical claims, destination/form/tracking, audience, owner and human release approval remain required. Source URLs are unverified; no publishing or send authority.",source_provided_unverified,,,,
e02,email ZIP,downloads/e02-email-kit.zip,,True,665091,2e866bd0b15913259cb7df24b5fdbda202d00e7cff69c45d16e08ac33827c063,,,file_exported; activation_held,"REVIEW ONLY — NOT ACTIVATED. Technical claims, destination/form/tracking, audience, owner and human release approval remain required. Source URLs are unverified; no publishing or send authority.",source_provided_unverified,,,,
e03,email ZIP,downloads/e03-email-kit.zip,,True,781848,eb646be2524a9001ccedcc03e57fb93676ce7159eb650b77d1805a72db9a44ea,,,file_exported; activation_held,"REVIEW ONLY — NOT ACTIVATED. Technical claims, destination/form/tracking, audience, owner and human release approval remain required. Source URLs are unverified; no publishing or send authority.",source_provided_unverified,,,,
e04,email ZIP,downloads/e04-email-kit.zip,,True,603065,8d76df749e3f998d8a02c1afa455f89441aff7039f60c32a1e65de32e1499135,,,file_exported; activation_held,"REVIEW ONLY — NOT ACTIVATED. Technical claims, destination/form/tracking, audience, owner and human release approval remain required. Source URLs are unverified; no publishing or send authority.",source_provided_unverified,,,,
e05,email ZIP,downloads/e05-email-kit.zip,,True,739940,ff60a16d22dbf4ce3119f47d965c6ba028a5666a27e54f80b1d2571496422c24,,,file_exported; activation_held,"REVIEW ONLY — NOT ACTIVATED. Technical claims, destination/form/tracking, audience, owner and human release approval remain required. Source URLs are unverified; no publishing or send authority.",source_provided_unverified,,,,
e06,email ZIP,downloads/e06-email-kit.zip,,True,498556,d3ab0a95556029cb80e5f37c19d846bfdf54fd4bacb716a817ecf4f4aa99b3ef,,,file_exported; activation_held,"REVIEW ONLY — NOT ACTIVATED. Technical claims, destination/form/tracking, audience, owner and human release approval remain required. Source URLs are unverified; no publishing or send authority.",source_provided_unverified,,,,
e07,email ZIP,downloads/e07-email-kit.zip,,True,578557,52f3e947cd93e4b0087376ae347e8f39467a900baf2c3d2f39846ea9d9fe253e,,,file_exported; activation_held,"REVIEW ONLY — NOT ACTIVATED. Technical claims, destination/form/tracking, audience, owner and human release approval remain required. Source URLs are unverified; no publishing or send authority.",source_provided_unverified,,,,
e08,email ZIP,downloads/e08-email-kit.zip,,True,662090,879ef73de0e1efad8f6e200d7912dc5f54cf7f862f4b3ec21357cd681e0ca9ef,,,file_exported; activation_held,"REVIEW ONLY — NOT ACTIVATED. Technical claims, destination/form/tracking, audience, owner and human release approval remain required. Source URLs are unverified; no publishing or send authority.",source_provided_unverified,,,,
9604-hybrid-iot-90-day-2026,full publishing ZIP,downloads/hybrid-iot-publishing-kit.zip,,True,79601316,f960749e46d66498c992463c325d0ab78258bee6699048def11fd0c438a3a6cb,,,file_exported; activation_held,"REVIEW ONLY — NOT ACTIVATED. Technical claims, destination/form/tracking, audience, owner and human release approval remain required. Source URLs are unverified; no publishing or send authority.",source_provided_unverified,,,,
