asset_id,channel,file,archive_path,external_only,bytes,sha256,source_file,source_copy,readiness,readiness_holds,destination_status,source_sha256,width,height,pages
campaign-readme,instructions,downloads/publishing-kit/README.txt,README.txt,False,1818,6a46c15911aa34ca7afa93b9a0a9fb5bdc607715a8beb044939cf2bce9c34088,campaign-data.js,,file_exported; activation_held,"REVIEW ONLY — NOT ACTIVATED. Technical claims, destination/form/tracking, audience, owner and human release approval remain required. Source URLs are unverified; no publishing or send authority.",source_provided_unverified,3e4fe0cb7bd76e0959ceb2683f2d8c8e36a9fdff743e6d9b5fcbe0b3c50dca8b,,,
campaign-source,source data,downloads/publishing-kit/source-campaign.json,source-campaign.json,False,51053,c09fcc1c048ef560a0b611f8a65eb7949fb56afe40919d3e49d838e53842ca1d,campaign-data.js,CAMPAIGN,file_exported; activation_held,"REVIEW ONLY — NOT ACTIVATED. Technical claims, destination/form/tracking, audience, owner and human release approval remain required. Source URLs are unverified; no publishing or send authority.",source_provided_unverified,3e4fe0cb7bd76e0959ceb2683f2d8c8e36a9fdff743e6d9b5fcbe0b3c50dca8b,,,
release-gates,evidence,downloads/publishing-kit/release-gates.json,release-gates.json,False,1468,f4026c4df7ffb0a71252dc063816148c48b99853ded6e0ba61f2859c2bf7996b,campaign-data.js,CAMPAIGN.gates,file_exported; activation_held,"REVIEW ONLY — NOT ACTIVATED. Technical claims, destination/form/tracking, audience, owner and human release approval remain required. Source URLs are unverified; no publishing or send authority.",source_provided_unverified,3e4fe0cb7bd76e0959ceb2683f2d8c8e36a9fdff743e6d9b5fcbe0b3c50dca8b,,,
creative-provenance.json,source evidence,downloads/publishing-kit/evidence/creative-provenance.json,evidence/creative-provenance.json,False,14516,4991cefccc3de3dd7f314251e76ebd24bd04e5d6f082b01d221ce3cf53092382,creative-provenance.json,,file_exported; activation_held,"REVIEW ONLY — NOT ACTIVATED. Technical claims, destination/form/tracking, audience, owner and human release approval remain required. Source URLs are unverified; no publishing or send authority.",source_provided_unverified,4991cefccc3de3dd7f314251e76ebd24bd04e5d6f082b01d221ce3cf53092382,,,
w01,LinkedIn caption,downloads/publishing-kit/weeks/w01/caption.txt,weeks/w01/caption.txt,False,724,6d2be6b86ee778ce3609044e4b13fbb1b30469b7ac6cf31374d1e699e8d4190a,campaign-data.js,CAMPAIGN.weeks[id=w01].caption,file_exported; activation_held,"REVIEW ONLY — NOT ACTIVATED. Technical claims, destination/form/tracking, audience, owner and human release approval remain required. Source URLs are unverified; no publishing or send authority.",source_provided_unverified,3e4fe0cb7bd76e0959ceb2683f2d8c8e36a9fdff743e6d9b5fcbe0b3c50dca8b,,,
w01,complete source copy,downloads/publishing-kit/weeks/w01/source-copy.json,weeks/w01/source-copy.json,False,1330,8eddc3e2945577ebee22ccdfef308a3aa63d97e316f04c017f8c3455691792ec,campaign-data.js,CAMPAIGN.weeks[id=w01],file_exported; activation_held,"REVIEW ONLY — NOT ACTIVATED. Technical claims, destination/form/tracking, audience, owner and human release approval remain required. Source URLs are unverified; no publishing or send authority.",source_provided_unverified,3e4fe0cb7bd76e0959ceb2683f2d8c8e36a9fdff743e6d9b5fcbe0b3c50dca8b,,,
w01,instructions,downloads/publishing-kit/weeks/w01/README.txt,weeks/w01/README.txt,False,678,340852628691ebe10c4bd4d6db997d95be0d583d715e68ee78a2a84e37b58162,campaign-data.js,,file_exported; activation_held,"REVIEW ONLY — NOT ACTIVATED. Technical claims, destination/form/tracking, audience, owner and human release approval remain required. Source URLs are unverified; no publishing or send authority.",source_provided_unverified,3e4fe0cb7bd76e0959ceb2683f2d8c8e36a9fdff743e6d9b5fcbe0b3c50dca8b,,,
w01-feed,social format export,downloads/publishing-kit/weeks/w01/w01-feed.png,weeks/w01/w01-feed.png,False,400262,b750d679ed1d345b956126cf34f48b7937fb0b23d6eaf1f26462b9b0094d876f,assets/exports/w01-feed.webp,CAMPAIGN.weeks[id=w01],file_exported; activation_held,"REVIEW ONLY — NOT ACTIVATED. Technical claims, destination/form/tracking, audience, owner and human release approval remain required. Source URLs are unverified; no publishing or send authority.",source_provided_unverified,df378eb8635f4d8e665287338202876d89b939fda15b5e81ed917106665cbb7a,1080,1350,
w01-square,social format export,downloads/publishing-kit/weeks/w01/w01-square.png,weeks/w01/w01-square.png,False,360270,370a4ec7583b11a62d359827f190fd334c34d77e774f62ce27d4c3654391a497,assets/exports/w01-square.webp,CAMPAIGN.weeks[id=w01],file_exported; activation_held,"REVIEW ONLY — NOT ACTIVATED. Technical claims, destination/form/tracking, audience, owner and human release approval remain required. Source URLs are unverified; no publishing or send authority.",source_provided_unverified,169fe1eda12818342edece49ec2dab0f4f184340b0ddeb2e868af4118d6d94c1,1080,1080,
w01-story,social format export,downloads/publishing-kit/weeks/w01/w01-story.png,weeks/w01/w01-story.png,False,483307,4d12b76963bea323366c317c7529b8f33d9cfff81f912b8608c6caf8c693e470,assets/exports/w01-story.webp,CAMPAIGN.weeks[id=w01],file_exported; activation_held,"REVIEW ONLY — NOT ACTIVATED. Technical claims, destination/form/tracking, audience, owner and human release approval remain required. Source URLs are unverified; no publishing or send authority.",source_provided_unverified,e8cccbdda664b73234db127387cdd3a8be7472f1d4c7b204703b1934d48b290c,1080,1920,
w01-wide,social format export,downloads/publishing-kit/weeks/w01/w01-wide.png,weeks/w01/w01-wide.png,False,838455,287ec928b3bd038272c7c6824662e0a078ab809daefcc5178db5a96533d9215c,assets/exports/w01-wide.webp,CAMPAIGN.weeks[id=w01],file_exported; activation_held,"REVIEW ONLY — NOT ACTIVATED. Technical claims, destination/form/tracking, audience, owner and human release approval remain required. Source URLs are unverified; no publishing or send authority.",source_provided_unverified,1196ee5bde5ecd1a112094889f46afd00c311ac759cf57dd8826f51723ac542d,1600,900,
w02,LinkedIn caption,downloads/publishing-kit/weeks/w02/caption.txt,weeks/w02/caption.txt,False,687,dbe89d56f482599aa999ab53efccb06de84c33ac43477b229b54be4129697e42,campaign-data.js,CAMPAIGN.weeks[id=w02].caption,file_exported; activation_held,"REVIEW ONLY — NOT ACTIVATED. Technical claims, destination/form/tracking, audience, owner and human release approval remain required. Source URLs are unverified; no publishing or send authority.",source_provided_unverified,3e4fe0cb7bd76e0959ceb2683f2d8c8e36a9fdff743e6d9b5fcbe0b3c50dca8b,,,
w02,complete source copy,downloads/publishing-kit/weeks/w02/source-copy.json,weeks/w02/source-copy.json,False,1314,779bda3bdc586f4e6e4e77d2e3b0c384e4dc4aa8e5df0f255d50c49d4ef2dbaa,campaign-data.js,CAMPAIGN.weeks[id=w02],file_exported; activation_held,"REVIEW ONLY — NOT ACTIVATED. Technical claims, destination/form/tracking, audience, owner and human release approval remain required. Source URLs are unverified; no publishing or send authority.",source_provided_unverified,3e4fe0cb7bd76e0959ceb2683f2d8c8e36a9fdff743e6d9b5fcbe0b3c50dca8b,,,
w02,instructions,downloads/publishing-kit/weeks/w02/README.txt,weeks/w02/README.txt,False,675,766651341260a41b6d1df1a0936d34f1b5cf1326c4e2050309beb8045b9ce96d,campaign-data.js,,file_exported; activation_held,"REVIEW ONLY — NOT ACTIVATED. Technical claims, destination/form/tracking, audience, owner and human release approval remain required. Source URLs are unverified; no publishing or send authority.",source_provided_unverified,3e4fe0cb7bd76e0959ceb2683f2d8c8e36a9fdff743e6d9b5fcbe0b3c50dca8b,,,
w02-feed,social format export,downloads/publishing-kit/weeks/w02/w02-feed.png,weeks/w02/w02-feed.png,False,637188,a6f978bdde1aec54b0c9a6372af228d1b343d408ad73a62f76b41c79bd3af4b1,assets/exports/w02-feed.webp,CAMPAIGN.weeks[id=w02],file_exported; activation_held,"REVIEW ONLY — NOT ACTIVATED. Technical claims, destination/form/tracking, audience, owner and human release approval remain required. Source URLs are unverified; no publishing or send authority.",source_provided_unverified,6dd983d7703a1f65f6d4225cfefad817c55ac4a8e8111307247f13a46e7119f1,1080,1350,
w02-square,social format export,downloads/publishing-kit/weeks/w02/w02-square.png,weeks/w02/w02-square.png,False,529955,6be3f7f06fac2b015bd0ad3a8dfca04c448b62f8fe71134985e6767ebb5c40e1,assets/exports/w02-square.webp,CAMPAIGN.weeks[id=w02],file_exported; activation_held,"REVIEW ONLY — NOT ACTIVATED. Technical claims, destination/form/tracking, audience, owner and human release approval remain required. Source URLs are unverified; no publishing or send authority.",source_provided_unverified,e1e858f6d22338414e9e572a58c037a64648c3360cfd9d5a4825a56d93e7953b,1080,1080,
w02-story,social format export,downloads/publishing-kit/weeks/w02/w02-story.png,weeks/w02/w02-story.png,False,854724,10112c15f7d37d21aaec3dce271007941d3282fc28861208d4f2a2a3eb33e0d5,assets/exports/w02-story.webp,CAMPAIGN.weeks[id=w02],file_exported; activation_held,"REVIEW ONLY — NOT ACTIVATED. Technical claims, destination/form/tracking, audience, owner and human release approval remain required. Source URLs are unverified; no publishing or send authority.",source_provided_unverified,d08bf2b02c76e851180fc45f6efec6d743915a0492f24eeecd976b2468d2b38f,1080,1920,
w02-wide,social format export,downloads/publishing-kit/weeks/w02/w02-wide.png,weeks/w02/w02-wide.png,False,884640,25864decea5c1a8afa261038b2077f041969f7bad6e61e20044983b782a88fcb,assets/exports/w02-wide.webp,CAMPAIGN.weeks[id=w02],file_exported; activation_held,"REVIEW ONLY — NOT ACTIVATED. Technical claims, destination/form/tracking, audience, owner and human release approval remain required. Source URLs are unverified; no publishing or send authority.",source_provided_unverified,45316dfa63e950147ab673894f9474fd7ab6256f696e42adc21ec8755505828b,1600,900,
w03,LinkedIn caption,downloads/publishing-kit/weeks/w03/caption.txt,weeks/w03/caption.txt,False,691,b5007268c4f313a6d4e7e4106ea4af606399fd35a266af0aae023c4bd9cb4ef1,campaign-data.js,CAMPAIGN.weeks[id=w03].caption,file_exported; activation_held,"REVIEW ONLY — NOT ACTIVATED. Technical claims, destination/form/tracking, audience, owner and human release approval remain required. Source URLs are unverified; no publishing or send authority.",source_provided_unverified,3e4fe0cb7bd76e0959ceb2683f2d8c8e36a9fdff743e6d9b5fcbe0b3c50dca8b,,,
w03,complete source copy,downloads/publishing-kit/weeks/w03/source-copy.json,weeks/w03/source-copy.json,False,1389,5858e8c7de5710b6b04a69aaaaf2eb45d76bdaee786be9aea45d0debc90e9955,campaign-data.js,CAMPAIGN.weeks[id=w03],file_exported; activation_held,"REVIEW ONLY — NOT ACTIVATED. Technical claims, destination/form/tracking, audience, owner and human release approval remain required. Source URLs are unverified; no publishing or send authority.",source_provided_unverified,3e4fe0cb7bd76e0959ceb2683f2d8c8e36a9fdff743e6d9b5fcbe0b3c50dca8b,,,
w03,instructions,downloads/publishing-kit/weeks/w03/README.txt,weeks/w03/README.txt,False,731,a616b1dcf1f2589319462980fc83565898a85d650c79def37e0a86d60d77acc7,campaign-data.js,,file_exported; activation_held,"REVIEW ONLY — NOT ACTIVATED. Technical claims, destination/form/tracking, audience, owner and human release approval remain required. Source URLs are unverified; no publishing or send authority.",source_provided_unverified,3e4fe0cb7bd76e0959ceb2683f2d8c8e36a9fdff743e6d9b5fcbe0b3c50dca8b,,,
w03-feed,social format export,downloads/publishing-kit/weeks/w03/w03-feed.png,weeks/w03/w03-feed.png,False,598230,118def1727515662315a06d540c782016aa5a267a9bfc55a191bc7c09c76b4bd,assets/exports/w03-feed.webp,CAMPAIGN.weeks[id=w03],file_exported; activation_held,"REVIEW ONLY — NOT ACTIVATED. Technical claims, destination/form/tracking, audience, owner and human release approval remain required. Source URLs are unverified; no publishing or send authority.",source_provided_unverified,1bc89bffd3ff6168b9b2d39bf8ddf07a1e6eec60ca85bbdd2f6c015f6f8c3921,1080,1350,
w03-square,social format export,downloads/publishing-kit/weeks/w03/w03-square.png,weeks/w03/w03-square.png,False,511646,cf9ae058ff986dba03bccb0f47a0b9714c077ae4bc1d49e104c5cc4537ad75f3,assets/exports/w03-square.webp,CAMPAIGN.weeks[id=w03],file_exported; activation_held,"REVIEW ONLY — NOT ACTIVATED. Technical claims, destination/form/tracking, audience, owner and human release approval remain required. Source URLs are unverified; no publishing or send authority.",source_provided_unverified,79eff833b569e96644af2693f7c15e5e671ffbd5d5ed4cb9c56a1efb8fbb517f,1080,1080,
w03-story,social format export,downloads/publishing-kit/weeks/w03/w03-story.png,weeks/w03/w03-story.png,False,760137,4e6ae828d3fd2858b95294060f5976c6c320609312d504660078ea57c8335d3f,assets/exports/w03-story.webp,CAMPAIGN.weeks[id=w03],file_exported; activation_held,"REVIEW ONLY — NOT ACTIVATED. Technical claims, destination/form/tracking, audience, owner and human release approval remain required. Source URLs are unverified; no publishing or send authority.",source_provided_unverified,9b6776ccffd77b024de81225dbb13396ed379b892f0ab68eb052965c48712bef,1080,1920,
w03-wide,social format export,downloads/publishing-kit/weeks/w03/w03-wide.png,weeks/w03/w03-wide.png,False,698409,76429dbab3f5d2aaeab25abe36653cab34132de3b081f1844eeacc3cbd099088,assets/exports/w03-wide.webp,CAMPAIGN.weeks[id=w03],file_exported; activation_held,"REVIEW ONLY — NOT ACTIVATED. Technical claims, destination/form/tracking, audience, owner and human release approval remain required. Source URLs are unverified; no publishing or send authority.",source_provided_unverified,0b4308372f284991d7bfc51479fd77d15a340e98349772ee9f252eb30fff696d,1600,900,
w04,LinkedIn caption,downloads/publishing-kit/weeks/w04/caption.txt,weeks/w04/caption.txt,False,688,ab7a282b6b9888f034565ef4ada71c15997a84a49a07ee32be021e9cf38842fb,campaign-data.js,CAMPAIGN.weeks[id=w04].caption,file_exported; activation_held,"REVIEW ONLY — NOT ACTIVATED. Technical claims, destination/form/tracking, audience, owner and human release approval remain required. Source URLs are unverified; no publishing or send authority.",source_provided_unverified,3e4fe0cb7bd76e0959ceb2683f2d8c8e36a9fdff743e6d9b5fcbe0b3c50dca8b,,,
w04,complete source copy,downloads/publishing-kit/weeks/w04/source-copy.json,weeks/w04/source-copy.json,False,1327,b19e27beb81c5465962aa1df399b453ab7c8957d701b230f233f0f44867d961e,campaign-data.js,CAMPAIGN.weeks[id=w04],file_exported; activation_held,"REVIEW ONLY — NOT ACTIVATED. Technical claims, destination/form/tracking, audience, owner and human release approval remain required. Source URLs are unverified; no publishing or send authority.",source_provided_unverified,3e4fe0cb7bd76e0959ceb2683f2d8c8e36a9fdff743e6d9b5fcbe0b3c50dca8b,,,
w04,instructions,downloads/publishing-kit/weeks/w04/README.txt,weeks/w04/README.txt,False,694,956c59d2ff602092aa5947b5201d64a66afe44127cc9ca177a009c0b5f0b6c40,campaign-data.js,,file_exported; activation_held,"REVIEW ONLY — NOT ACTIVATED. Technical claims, destination/form/tracking, audience, owner and human release approval remain required. Source URLs are unverified; no publishing or send authority.",source_provided_unverified,3e4fe0cb7bd76e0959ceb2683f2d8c8e36a9fdff743e6d9b5fcbe0b3c50dca8b,,,
w04-feed,social format export,downloads/publishing-kit/weeks/w04/w04-feed.png,weeks/w04/w04-feed.png,False,915417,72bd33c356101dfada6a97483fa67aefd3109f7565a21b9e5e397e4af5514889,assets/exports/w04-feed.webp,CAMPAIGN.weeks[id=w04],file_exported; activation_held,"REVIEW ONLY — NOT ACTIVATED. Technical claims, destination/form/tracking, audience, owner and human release approval remain required. Source URLs are unverified; no publishing or send authority.",source_provided_unverified,000e9fcf4a994bead2e8beebaa0c0a9b0aa3c46025a1931a2268c48c06125ae1,1080,1350,
w04-square,social format export,downloads/publishing-kit/weeks/w04/w04-square.png,weeks/w04/w04-square.png,False,753614,f60c2c787c6e6aa74caf224d2a963971ce3d8e89967cbcc338c7eadc9bf0c24d,assets/exports/w04-square.webp,CAMPAIGN.weeks[id=w04],file_exported; activation_held,"REVIEW ONLY — NOT ACTIVATED. Technical claims, destination/form/tracking, audience, owner and human release approval remain required. Source URLs are unverified; no publishing or send authority.",source_provided_unverified,96045a22bbacec48638f20a1a826a67188f080a74e0bcc59e756e673ccb9fb47,1080,1080,
w04-story,social format export,downloads/publishing-kit/weeks/w04/w04-story.png,weeks/w04/w04-story.png,False,1266742,06ede19768f9393592f1447c1e3cba21417c8f3ba5477353024069e16e8ba069,assets/exports/w04-story.webp,CAMPAIGN.weeks[id=w04],file_exported; activation_held,"REVIEW ONLY — NOT ACTIVATED. Technical claims, destination/form/tracking, audience, owner and human release approval remain required. Source URLs are unverified; no publishing or send authority.",source_provided_unverified,c8b731d6e85495cace2811024a568d60333e70f504d1e172848d4b22e529e154,1080,1920,
w04-wide,social format export,downloads/publishing-kit/weeks/w04/w04-wide.png,weeks/w04/w04-wide.png,False,1340451,a8521175a579770c3068f631492d1788d370240ffc82b61961a6789e4ca119f0,assets/exports/w04-wide.webp,CAMPAIGN.weeks[id=w04],file_exported; activation_held,"REVIEW ONLY — NOT ACTIVATED. Technical claims, destination/form/tracking, audience, owner and human release approval remain required. Source URLs are unverified; no publishing or send authority.",source_provided_unverified,049d17b619e2ad8da230a0f9bee2c8de56d08ccc839e11d860b19c09a32d7bdd,1600,900,
w05,LinkedIn caption,downloads/publishing-kit/weeks/w05/caption.txt,weeks/w05/caption.txt,False,688,949d06d931c3b3341abee9fe13a1a855483153a1529ebdff6f2cdaebad5b1175,campaign-data.js,CAMPAIGN.weeks[id=w05].caption,file_exported; activation_held,"REVIEW ONLY — NOT ACTIVATED. Technical claims, destination/form/tracking, audience, owner and human release approval remain required. Source URLs are unverified; no publishing or send authority.",source_provided_unverified,3e4fe0cb7bd76e0959ceb2683f2d8c8e36a9fdff743e6d9b5fcbe0b3c50dca8b,,,
w05,complete source copy,downloads/publishing-kit/weeks/w05/source-copy.json,weeks/w05/source-copy.json,False,1334,a272e4ff62e379e54b10c41b2cea3bce87aa94ec93448f65d348c6d6c68f7ab0,campaign-data.js,CAMPAIGN.weeks[id=w05],file_exported; activation_held,"REVIEW ONLY — NOT ACTIVATED. Technical claims, destination/form/tracking, audience, owner and human release approval remain required. Source URLs are unverified; no publishing or send authority.",source_provided_unverified,3e4fe0cb7bd76e0959ceb2683f2d8c8e36a9fdff743e6d9b5fcbe0b3c50dca8b,,,
w05,instructions,downloads/publishing-kit/weeks/w05/README.txt,weeks/w05/README.txt,False,718,8b7fedeabc3ef0c0a4213231b873935a40769c5f3f748a73feed5784ce7885a5,campaign-data.js,,file_exported; activation_held,"REVIEW ONLY — NOT ACTIVATED. Technical claims, destination/form/tracking, audience, owner and human release approval remain required. Source URLs are unverified; no publishing or send authority.",source_provided_unverified,3e4fe0cb7bd76e0959ceb2683f2d8c8e36a9fdff743e6d9b5fcbe0b3c50dca8b,,,
w05-feed,social format export,downloads/publishing-kit/weeks/w05/w05-feed.png,weeks/w05/w05-feed.png,False,418294,ee00f76392faf051fa9ca43f2e0bfc314ac587e69017d4ae4dd3f208de6adb9d,assets/exports/w05-feed.webp,CAMPAIGN.weeks[id=w05],file_exported; activation_held,"REVIEW ONLY — NOT ACTIVATED. Technical claims, destination/form/tracking, audience, owner and human release approval remain required. Source URLs are unverified; no publishing or send authority.",source_provided_unverified,5e2f29c28e0131c52ee556f87d9f900e7c8bf11d25f0584b8f533ffb5f2d180c,1080,1350,
w05-square,social format export,downloads/publishing-kit/weeks/w05/w05-square.png,weeks/w05/w05-square.png,False,399498,47b16240336d598e836e75831fd02772bc0b347b9a8883cfb8c1d8b5468351cf,assets/exports/w05-square.webp,CAMPAIGN.weeks[id=w05],file_exported; activation_held,"REVIEW ONLY — NOT ACTIVATED. Technical claims, destination/form/tracking, audience, owner and human release approval remain required. Source URLs are unverified; no publishing or send authority.",source_provided_unverified,82b5b4453779e8ba4a65eebd1e2a3ee87eef80e75388c9c61bbde59539cefd8c,1080,1080,
w05-story,social format export,downloads/publishing-kit/weeks/w05/w05-story.png,weeks/w05/w05-story.png,False,507288,692135303da861793da3ad2e109af148e322d28e7302c05e7385d15187e9b49b,assets/exports/w05-story.webp,CAMPAIGN.weeks[id=w05],file_exported; activation_held,"REVIEW ONLY — NOT ACTIVATED. Technical claims, destination/form/tracking, audience, owner and human release approval remain required. Source URLs are unverified; no publishing or send authority.",source_provided_unverified,6b8f0544eb73808031d268260b2a21d8ab06341841eaaa1f744d86f22879139f,1080,1920,
w05-wide,social format export,downloads/publishing-kit/weeks/w05/w05-wide.png,weeks/w05/w05-wide.png,False,970196,81e8e1f3ddfd7a6fbef9de2278c1dcd6826310fbd8703404022e4756791cc5f0,assets/exports/w05-wide.webp,CAMPAIGN.weeks[id=w05],file_exported; activation_held,"REVIEW ONLY — NOT ACTIVATED. Technical claims, destination/form/tracking, audience, owner and human release approval remain required. Source URLs are unverified; no publishing or send authority.",source_provided_unverified,b938954aef5b436d02d7b54d8d12bc1c97967db629ed798dc6bc382323999aec,1600,900,
w06,LinkedIn caption,downloads/publishing-kit/weeks/w06/caption.txt,weeks/w06/caption.txt,False,702,8997c49cb61095ba1ec02615f5750d044281fb7d33644fae702df3c7e6716a7b,campaign-data.js,CAMPAIGN.weeks[id=w06].caption,file_exported; activation_held,"REVIEW ONLY — NOT ACTIVATED. Technical claims, destination/form/tracking, audience, owner and human release approval remain required. Source URLs are unverified; no publishing or send authority.",source_provided_unverified,3e4fe0cb7bd76e0959ceb2683f2d8c8e36a9fdff743e6d9b5fcbe0b3c50dca8b,,,
w06,complete source copy,downloads/publishing-kit/weeks/w06/source-copy.json,weeks/w06/source-copy.json,False,1371,5fd75b0eab5aa7abfc20d980c27fd5680cc4251ee76dd6f3e3a763114a04ba44,campaign-data.js,CAMPAIGN.weeks[id=w06],file_exported; activation_held,"REVIEW ONLY — NOT ACTIVATED. Technical claims, destination/form/tracking, audience, owner and human release approval remain required. Source URLs are unverified; no publishing or send authority.",source_provided_unverified,3e4fe0cb7bd76e0959ceb2683f2d8c8e36a9fdff743e6d9b5fcbe0b3c50dca8b,,,
w06,instructions,downloads/publishing-kit/weeks/w06/README.txt,weeks/w06/README.txt,False,725,59f2d2dd1366bb06ac1f789b02d1434caaec9ad57cd67a0154273fbf666f2425,campaign-data.js,,file_exported; activation_held,"REVIEW ONLY — NOT ACTIVATED. Technical claims, destination/form/tracking, audience, owner and human release approval remain required. Source URLs are unverified; no publishing or send authority.",source_provided_unverified,3e4fe0cb7bd76e0959ceb2683f2d8c8e36a9fdff743e6d9b5fcbe0b3c50dca8b,,,
w06-feed,social format export,downloads/publishing-kit/weeks/w06/w06-feed.png,weeks/w06/w06-feed.png,False,620098,aa92ead29f7eeae472051d7d8f49b65932ecc21c88e43df468ba00b04d8cb05d,assets/exports/w06-feed.webp,CAMPAIGN.weeks[id=w06],file_exported; activation_held,"REVIEW ONLY — NOT ACTIVATED. Technical claims, destination/form/tracking, audience, owner and human release approval remain required. Source URLs are unverified; no publishing or send authority.",source_provided_unverified,651827b6f6c820a46663749e2ca634e79031c7c0547bafec2bca70cb98bc8135,1080,1350,
w06-square,social format export,downloads/publishing-kit/weeks/w06/w06-square.png,weeks/w06/w06-square.png,False,563128,d6e2b99e3b02c1760cd0c8a70ae91dd26cc9b66562fd443cdd1f251c202b615c,assets/exports/w06-square.webp,CAMPAIGN.weeks[id=w06],file_exported; activation_held,"REVIEW ONLY — NOT ACTIVATED. Technical claims, destination/form/tracking, audience, owner and human release approval remain required. Source URLs are unverified; no publishing or send authority.",source_provided_unverified,66e2f0b79d88614612d72af27294d6dedebe5d1ca05e495a607044dc260c9326,1080,1080,
w06-story,social format export,downloads/publishing-kit/weeks/w06/w06-story.png,weeks/w06/w06-story.png,False,774101,4ddab101bb0a63c56625dafb526c9d0ef4d5582c5a1ec1c08fcfbc8d31732701,assets/exports/w06-story.webp,CAMPAIGN.weeks[id=w06],file_exported; activation_held,"REVIEW ONLY — NOT ACTIVATED. Technical claims, destination/form/tracking, audience, owner and human release approval remain required. Source URLs are unverified; no publishing or send authority.",source_provided_unverified,675e30b884b86fbca9bdf7e89dfd1ec8eb11add27e0e63d0644e31f16215cc34,1080,1920,
w06-wide,social format export,downloads/publishing-kit/weeks/w06/w06-wide.png,weeks/w06/w06-wide.png,False,1066752,d686672048086fd3296143cdd3228aa057c556d251392975ccd00a219e536776,assets/exports/w06-wide.webp,CAMPAIGN.weeks[id=w06],file_exported; activation_held,"REVIEW ONLY — NOT ACTIVATED. Technical claims, destination/form/tracking, audience, owner and human release approval remain required. Source URLs are unverified; no publishing or send authority.",source_provided_unverified,a85ead120e130816254b31ef3996080891d3ab80873b58d9ab99ab0f2b9fc5f5,1600,900,
w07,LinkedIn caption,downloads/publishing-kit/weeks/w07/caption.txt,weeks/w07/caption.txt,False,620,f7ff07b39a783c9b399203f36b436898d23c6fd3d94cbae8f90aa189007516b5,campaign-data.js,CAMPAIGN.weeks[id=w07].caption,file_exported; activation_held,"REVIEW ONLY — NOT ACTIVATED. Technical claims, destination/form/tracking, audience, owner and human release approval remain required. Source URLs are unverified; no publishing or send authority.",source_provided_unverified,3e4fe0cb7bd76e0959ceb2683f2d8c8e36a9fdff743e6d9b5fcbe0b3c50dca8b,,,
w07,complete source copy,downloads/publishing-kit/weeks/w07/source-copy.json,weeks/w07/source-copy.json,False,1285,27d82adcd37ef7243c33ffc0ba8c38f5af298f68fb09313274017636bea54ca3,campaign-data.js,CAMPAIGN.weeks[id=w07],file_exported; activation_held,"REVIEW ONLY — NOT ACTIVATED. Technical claims, destination/form/tracking, audience, owner and human release approval remain required. Source URLs are unverified; no publishing or send authority.",source_provided_unverified,3e4fe0cb7bd76e0959ceb2683f2d8c8e36a9fdff743e6d9b5fcbe0b3c50dca8b,,,
w07,instructions,downloads/publishing-kit/weeks/w07/README.txt,weeks/w07/README.txt,False,715,e0b3a46ebe6c8e6e13d28decf65595c870426aa867127cfb0c7643d2730d7a4c,campaign-data.js,,file_exported; activation_held,"REVIEW ONLY — NOT ACTIVATED. Technical claims, destination/form/tracking, audience, owner and human release approval remain required. Source URLs are unverified; no publishing or send authority.",source_provided_unverified,3e4fe0cb7bd76e0959ceb2683f2d8c8e36a9fdff743e6d9b5fcbe0b3c50dca8b,,,
w07-feed,social format export,downloads/publishing-kit/weeks/w07/w07-feed.png,weeks/w07/w07-feed.png,False,749832,4116665b95cb039ec90b05417606f72d0740e8bef99df8bf94fab8efee90f3b0,assets/exports/w07-feed.webp,CAMPAIGN.weeks[id=w07],file_exported; activation_held,"REVIEW ONLY — NOT ACTIVATED. Technical claims, destination/form/tracking, audience, owner and human release approval remain required. Source URLs are unverified; no publishing or send authority.",source_provided_unverified,ecebfead6f3b37a7ae7b9d59c54813e195a64b9e74116b42e4ce6705f54e789a,1080,1350,
w07-square,social format export,downloads/publishing-kit/weeks/w07/w07-square.png,weeks/w07/w07-square.png,False,652457,21307357f51db827939608b26d4b15dac0f5c507cccb44f2acc7bf96f5426ae0,assets/exports/w07-square.webp,CAMPAIGN.weeks[id=w07],file_exported; activation_held,"REVIEW ONLY — NOT ACTIVATED. Technical claims, destination/form/tracking, audience, owner and human release approval remain required. Source URLs are unverified; no publishing or send authority.",source_provided_unverified,35ce98984b19b04a1f2bef8a812c142e8a3bea6164582c0b8e401f3d9c4bcca1,1080,1080,
w07-story,social format export,downloads/publishing-kit/weeks/w07/w07-story.png,weeks/w07/w07-story.png,False,969401,8c135991dd14c45098cf082d94b25101c5c85862deb4fc0bdfc3ad792634a649,assets/exports/w07-story.webp,CAMPAIGN.weeks[id=w07],file_exported; activation_held,"REVIEW ONLY — NOT ACTIVATED. Technical claims, destination/form/tracking, audience, owner and human release approval remain required. Source URLs are unverified; no publishing or send authority.",source_provided_unverified,ef0c1003015ca869b2859dec3f08a394540b949f544e3f797ef6f59f5a98ef4e,1080,1920,
w07-wide,social format export,downloads/publishing-kit/weeks/w07/w07-wide.png,weeks/w07/w07-wide.png,False,1281841,8a7f6d73ed103505b65988e210df9cd72fe3062e457bb2143c85b7a36f243015,assets/exports/w07-wide.webp,CAMPAIGN.weeks[id=w07],file_exported; activation_held,"REVIEW ONLY — NOT ACTIVATED. Technical claims, destination/form/tracking, audience, owner and human release approval remain required. Source URLs are unverified; no publishing or send authority.",source_provided_unverified,3ad3e77953987a8b45dcd6e94b17c86c4b151a5ef0369372b5b90dd14b91f54e,1600,900,
w08,LinkedIn caption,downloads/publishing-kit/weeks/w08/caption.txt,weeks/w08/caption.txt,False,664,db964bc20a298282dddf7ded9ef1c46ee669dd9ddae1b9a78f1001fae15fbf41,campaign-data.js,CAMPAIGN.weeks[id=w08].caption,file_exported; activation_held,"REVIEW ONLY — NOT ACTIVATED. Technical claims, destination/form/tracking, audience, owner and human release approval remain required. Source URLs are unverified; no publishing or send authority.",source_provided_unverified,3e4fe0cb7bd76e0959ceb2683f2d8c8e36a9fdff743e6d9b5fcbe0b3c50dca8b,,,
w08,complete source copy,downloads/publishing-kit/weeks/w08/source-copy.json,weeks/w08/source-copy.json,False,1309,1b5049be3eae74729e07cedd003313e8b6457b1849cafc83071db2b325920685,campaign-data.js,CAMPAIGN.weeks[id=w08],file_exported; activation_held,"REVIEW ONLY — NOT ACTIVATED. Technical claims, destination/form/tracking, audience, owner and human release approval remain required. Source URLs are unverified; no publishing or send authority.",source_provided_unverified,3e4fe0cb7bd76e0959ceb2683f2d8c8e36a9fdff743e6d9b5fcbe0b3c50dca8b,,,
w08,instructions,downloads/publishing-kit/weeks/w08/README.txt,weeks/w08/README.txt,False,711,b836a5bbbd8869b0125c6f84febefa9e31451c2230afd04fe27878249f63c62a,campaign-data.js,,file_exported; activation_held,"REVIEW ONLY — NOT ACTIVATED. Technical claims, destination/form/tracking, audience, owner and human release approval remain required. Source URLs are unverified; no publishing or send authority.",source_provided_unverified,3e4fe0cb7bd76e0959ceb2683f2d8c8e36a9fdff743e6d9b5fcbe0b3c50dca8b,,,
w08-feed,social format export,downloads/publishing-kit/weeks/w08/w08-feed.png,weeks/w08/w08-feed.png,False,307944,beab831392fdaec64609a888ee436f9d3f946486c0a39229d6f2d92c781233f0,assets/exports/w08-feed.webp,CAMPAIGN.weeks[id=w08],file_exported; activation_held,"REVIEW ONLY — NOT ACTIVATED. Technical claims, destination/form/tracking, audience, owner and human release approval remain required. Source URLs are unverified; no publishing or send authority.",source_provided_unverified,69267afcaec25aa9b0782deaa7ec5584496449c5d953ba22f4a4b7e99699286e,1080,1350,
w08-square,social format export,downloads/publishing-kit/weeks/w08/w08-square.png,weeks/w08/w08-square.png,False,297459,d80cdc001c2a6ace27cb4d1280600e9c2b11774ed6458a164229101c50cc5c7b,assets/exports/w08-square.webp,CAMPAIGN.weeks[id=w08],file_exported; activation_held,"REVIEW ONLY — NOT ACTIVATED. Technical claims, destination/form/tracking, audience, owner and human release approval remain required. Source URLs are unverified; no publishing or send authority.",source_provided_unverified,bae7dcf561569dd13d026334cef5a34d1c567ec553c631791a870e864f0a1b4c,1080,1080,
w08-story,social format export,downloads/publishing-kit/weeks/w08/w08-story.png,weeks/w08/w08-story.png,False,350129,cc8e78cdfa4511a65ec98b79d975a942e4003722de6452035e2117875e930a85,assets/exports/w08-story.webp,CAMPAIGN.weeks[id=w08],file_exported; activation_held,"REVIEW ONLY — NOT ACTIVATED. Technical claims, destination/form/tracking, audience, owner and human release approval remain required. Source URLs are unverified; no publishing or send authority.",source_provided_unverified,5c73e7dba47679a8a6c40fb4d6d6d251a4251070934a3d76ac33e54e03bcc60c,1080,1920,
w08-wide,social format export,downloads/publishing-kit/weeks/w08/w08-wide.png,weeks/w08/w08-wide.png,False,751541,845a9078fb8807ec790f90aa31b6c103f88a8498137aa5b4d5c6daee63e36312,assets/exports/w08-wide.webp,CAMPAIGN.weeks[id=w08],file_exported; activation_held,"REVIEW ONLY — NOT ACTIVATED. Technical claims, destination/form/tracking, audience, owner and human release approval remain required. Source URLs are unverified; no publishing or send authority.",source_provided_unverified,cff0c4b9447b76894d4dee90ef7adffd4d9ed25b7d8193b6d4de946f027a7c2d,1600,900,
w09,LinkedIn caption,downloads/publishing-kit/weeks/w09/caption.txt,weeks/w09/caption.txt,False,698,3ab59f760d5489db3a50b2fc2e26e494e5f5883dfe0d0679186fc8e77c73d724,campaign-data.js,CAMPAIGN.weeks[id=w09].caption,file_exported; activation_held,"REVIEW ONLY — NOT ACTIVATED. Technical claims, destination/form/tracking, audience, owner and human release approval remain required. Source URLs are unverified; no publishing or send authority.",source_provided_unverified,3e4fe0cb7bd76e0959ceb2683f2d8c8e36a9fdff743e6d9b5fcbe0b3c50dca8b,,,
w09,complete source copy,downloads/publishing-kit/weeks/w09/source-copy.json,weeks/w09/source-copy.json,False,1420,0fb3d746b581908f16a63e579113821421bc302da9cce1c4329fe78e71b757a7,campaign-data.js,CAMPAIGN.weeks[id=w09],file_exported; activation_held,"REVIEW ONLY — NOT ACTIVATED. Technical claims, destination/form/tracking, audience, owner and human release approval remain required. Source URLs are unverified; no publishing or send authority.",source_provided_unverified,3e4fe0cb7bd76e0959ceb2683f2d8c8e36a9fdff743e6d9b5fcbe0b3c50dca8b,,,
w09,instructions,downloads/publishing-kit/weeks/w09/README.txt,weeks/w09/README.txt,False,751,39994ed2432d76e9fa79ee661fe0e49021afa57876c0943506953e4a31f378ff,campaign-data.js,,file_exported; activation_held,"REVIEW ONLY — NOT ACTIVATED. Technical claims, destination/form/tracking, audience, owner and human release approval remain required. Source URLs are unverified; no publishing or send authority.",source_provided_unverified,3e4fe0cb7bd76e0959ceb2683f2d8c8e36a9fdff743e6d9b5fcbe0b3c50dca8b,,,
w09-feed,social format export,downloads/publishing-kit/weeks/w09/w09-feed.png,weeks/w09/w09-feed.png,False,586626,4a42977cf25ab68f18a67e5051b9fe7bd27b4d1084755641ca6cecc8baa5b376,assets/exports/w09-feed.webp,CAMPAIGN.weeks[id=w09],file_exported; activation_held,"REVIEW ONLY — NOT ACTIVATED. Technical claims, destination/form/tracking, audience, owner and human release approval remain required. Source URLs are unverified; no publishing or send authority.",source_provided_unverified,f664bea98d168c3ec1e8c52781708a09bdb3542baa077292cf2ab3a3f9214212,1080,1350,
w09-square,social format export,downloads/publishing-kit/weeks/w09/w09-square.png,weeks/w09/w09-square.png,False,504057,a8d9ab67527a08a645c1d2297fa79cc42fa40bc7a74c571befb2667a282babbe,assets/exports/w09-square.webp,CAMPAIGN.weeks[id=w09],file_exported; activation_held,"REVIEW ONLY — NOT ACTIVATED. Technical claims, destination/form/tracking, audience, owner and human release approval remain required. Source URLs are unverified; no publishing or send authority.",source_provided_unverified,bb9376697725249b7fb442badb2b850a64df2561150e58aa86d371680aa16ff9,1080,1080,
w09-story,social format export,downloads/publishing-kit/weeks/w09/w09-story.png,weeks/w09/w09-story.png,False,756503,2b5ad4a0523346d71dd96ffd91ecd2daa0b27752fe022091c23b61838b2fff70,assets/exports/w09-story.webp,CAMPAIGN.weeks[id=w09],file_exported; activation_held,"REVIEW ONLY — NOT ACTIVATED. Technical claims, destination/form/tracking, audience, owner and human release approval remain required. Source URLs are unverified; no publishing or send authority.",source_provided_unverified,0588b7028efe8e952cc44dd9a4a6c11d313b4207b4cb5132ae5a8c90b0bfa4bb,1080,1920,
w09-wide,social format export,downloads/publishing-kit/weeks/w09/w09-wide.png,weeks/w09/w09-wide.png,False,684437,6bc3f105f1eb0cabb977002449f3bf9b9b14aabfe3f8806e5b21672488f328b4,assets/exports/w09-wide.webp,CAMPAIGN.weeks[id=w09],file_exported; activation_held,"REVIEW ONLY — NOT ACTIVATED. Technical claims, destination/form/tracking, audience, owner and human release approval remain required. Source URLs are unverified; no publishing or send authority.",source_provided_unverified,e205b4919283db7bb5a38fea3685e81e74bfd2216ca1d0a48c832e1095c9542b,1600,900,
w10,LinkedIn caption,downloads/publishing-kit/weeks/w10/caption.txt,weeks/w10/caption.txt,False,660,00969641fa42a5c6905b474f3461a4fdd4d4079f336dad75b2919836afc4cf2f,campaign-data.js,CAMPAIGN.weeks[id=w10].caption,file_exported; activation_held,"REVIEW ONLY — NOT ACTIVATED. Technical claims, destination/form/tracking, audience, owner and human release approval remain required. Source URLs are unverified; no publishing or send authority.",source_provided_unverified,3e4fe0cb7bd76e0959ceb2683f2d8c8e36a9fdff743e6d9b5fcbe0b3c50dca8b,,,
w10,complete source copy,downloads/publishing-kit/weeks/w10/source-copy.json,weeks/w10/source-copy.json,False,1337,80c74397097e1ade4711251bd446e03c5c838e2dbe88ec5c0d76e198df2dfdeb,campaign-data.js,CAMPAIGN.weeks[id=w10],file_exported; activation_held,"REVIEW ONLY — NOT ACTIVATED. Technical claims, destination/form/tracking, audience, owner and human release approval remain required. Source URLs are unverified; no publishing or send authority.",source_provided_unverified,3e4fe0cb7bd76e0959ceb2683f2d8c8e36a9fdff743e6d9b5fcbe0b3c50dca8b,,,
w10,instructions,downloads/publishing-kit/weeks/w10/README.txt,weeks/w10/README.txt,False,881,2c61203aa835f5d432df98c69d894892104a98297acf8feafdce0133cf0d98b3,campaign-data.js,,file_exported; activation_held,"REVIEW ONLY — NOT ACTIVATED. Technical claims, destination/form/tracking, audience, owner and human release approval remain required. Source URLs are unverified; no publishing or send authority.",source_provided_unverified,3e4fe0cb7bd76e0959ceb2683f2d8c8e36a9fdff743e6d9b5fcbe0b3c50dca8b,,,
w10-feed,social format export,downloads/publishing-kit/weeks/w10/w10-feed.png,weeks/w10/w10-feed.png,False,398256,2e1d3725db8933c778f3bb942ee9c595127c2018f5a4b89ef1a8d7e05dca9a84,assets/exports/w10-feed.webp,CAMPAIGN.weeks[id=w10],file_exported; activation_held,"REVIEW ONLY — NOT ACTIVATED. Technical claims, destination/form/tracking, audience, owner and human release approval remain required. Source URLs are unverified; no publishing or send authority.",source_provided_unverified,c7e9e8d43f947ce0ae489cc2c038bdbeece4e20e4f6e318b2472de5c85e2bce8,1080,1350,
w10-square,social format export,downloads/publishing-kit/weeks/w10/w10-square.png,weeks/w10/w10-square.png,False,359789,7893ac1a971ba49f492c2ddbdfc344d68cc9660dd8a6dc2ddd1816e41d4c2673,assets/exports/w10-square.webp,CAMPAIGN.weeks[id=w10],file_exported; activation_held,"REVIEW ONLY — NOT ACTIVATED. Technical claims, destination/form/tracking, audience, owner and human release approval remain required. Source URLs are unverified; no publishing or send authority.",source_provided_unverified,67e9da6ff5b61b5095003aad210bbe43602e5d7d4e17048ef6eb6ae5ba60ff78,1080,1080,
w10-story,social format export,downloads/publishing-kit/weeks/w10/w10-story.png,weeks/w10/w10-story.png,False,489929,6771fda0a66014a7a2bc9aeb5b9dbf865ccb39649acbe3a6dfa6e03907bf1ba4,assets/exports/w10-story.webp,CAMPAIGN.weeks[id=w10],file_exported; activation_held,"REVIEW ONLY — NOT ACTIVATED. Technical claims, destination/form/tracking, audience, owner and human release approval remain required. Source URLs are unverified; no publishing or send authority.",source_provided_unverified,ec49ff0000a8b106f2c3786c069778c381b3ef143296a4f4038b2408ff5678ae,1080,1920,
w10-wide,social format export,downloads/publishing-kit/weeks/w10/w10-wide.png,weeks/w10/w10-wide.png,False,847944,bb2637a0ab378418adcd41783d3c4d01bce81fb7400e1ebc5563277c17a343f0,assets/exports/w10-wide.webp,CAMPAIGN.weeks[id=w10],file_exported; activation_held,"REVIEW ONLY — NOT ACTIVATED. Technical claims, destination/form/tracking, audience, owner and human release approval remain required. Source URLs are unverified; no publishing or send authority.",source_provided_unverified,760adab5b15a0293dff39b4e71efc18a40f5679f925e9bc94a687b1f0b731c4b,1600,900,
w11,LinkedIn caption,downloads/publishing-kit/weeks/w11/caption.txt,weeks/w11/caption.txt,False,665,cee00d00a94111355a49324f92f3decc04ae9d1073d2dcd3d471fd3e3923ce00,campaign-data.js,CAMPAIGN.weeks[id=w11].caption,file_exported; activation_held,"REVIEW ONLY — NOT ACTIVATED. Technical claims, destination/form/tracking, audience, owner and human release approval remain required. Source URLs are unverified; no publishing or send authority.",source_provided_unverified,3e4fe0cb7bd76e0959ceb2683f2d8c8e36a9fdff743e6d9b5fcbe0b3c50dca8b,,,
w11,complete source copy,downloads/publishing-kit/weeks/w11/source-copy.json,weeks/w11/source-copy.json,False,1363,50c3282812a2aff949f2475428af00e7716048142501dba62946c5ecc4f44f69,campaign-data.js,CAMPAIGN.weeks[id=w11],file_exported; activation_held,"REVIEW ONLY — NOT ACTIVATED. Technical claims, destination/form/tracking, audience, owner and human release approval remain required. Source URLs are unverified; no publishing or send authority.",source_provided_unverified,3e4fe0cb7bd76e0959ceb2683f2d8c8e36a9fdff743e6d9b5fcbe0b3c50dca8b,,,
w11,instructions,downloads/publishing-kit/weeks/w11/README.txt,weeks/w11/README.txt,False,711,0118d99b943217edb06cdd7813d8500c87639c0e604215e4601f98d5c5b10f6e,campaign-data.js,,file_exported; activation_held,"REVIEW ONLY — NOT ACTIVATED. Technical claims, destination/form/tracking, audience, owner and human release approval remain required. Source URLs are unverified; no publishing or send authority.",source_provided_unverified,3e4fe0cb7bd76e0959ceb2683f2d8c8e36a9fdff743e6d9b5fcbe0b3c50dca8b,,,
w11-feed,social format export,downloads/publishing-kit/weeks/w11/w11-feed.png,weeks/w11/w11-feed.png,False,602276,62796f328a36807869efc6e1d8ca82dfe1677778647e0d1ed0a37483e615338f,assets/exports/w11-feed.webp,CAMPAIGN.weeks[id=w11],file_exported; activation_held,"REVIEW ONLY — NOT ACTIVATED. Technical claims, destination/form/tracking, audience, owner and human release approval remain required. Source URLs are unverified; no publishing or send authority.",source_provided_unverified,8d763cd794011f30a1dc0f0fad31ed5fcd8e4ebb7b710a56777957cf7b00d11c,1080,1350,
w11-square,social format export,downloads/publishing-kit/weeks/w11/w11-square.png,weeks/w11/w11-square.png,False,522277,fa89d577a55c27aa06a8e0ff341cb6d08e8582d845a66da96beee0e2ea6ee654,assets/exports/w11-square.webp,CAMPAIGN.weeks[id=w11],file_exported; activation_held,"REVIEW ONLY — NOT ACTIVATED. Technical claims, destination/form/tracking, audience, owner and human release approval remain required. Source URLs are unverified; no publishing or send authority.",source_provided_unverified,365f28b3fec57f8c6922335bf9f71ac256f7431dcaf7c872abc875c3ddc3732b,1080,1080,
w11-story,social format export,downloads/publishing-kit/weeks/w11/w11-story.png,weeks/w11/w11-story.png,False,765063,03f2ea62a404b7b266aef0107da88df609436059f9eb64fde92e300cfb884f15,assets/exports/w11-story.webp,CAMPAIGN.weeks[id=w11],file_exported; activation_held,"REVIEW ONLY — NOT ACTIVATED. Technical claims, destination/form/tracking, audience, owner and human release approval remain required. Source URLs are unverified; no publishing or send authority.",source_provided_unverified,8af5235474bcf20c08e18e4962e314e26aad4e625456492c874315792aaef1ed,1080,1920,
w11-wide,social format export,downloads/publishing-kit/weeks/w11/w11-wide.png,weeks/w11/w11-wide.png,False,705004,093f47001a8fed705840e5f2815b4d4e40cfcded44f3c98831b9d77436487096,assets/exports/w11-wide.webp,CAMPAIGN.weeks[id=w11],file_exported; activation_held,"REVIEW ONLY — NOT ACTIVATED. Technical claims, destination/form/tracking, audience, owner and human release approval remain required. Source URLs are unverified; no publishing or send authority.",source_provided_unverified,4dc9bf26b1e5655c44b9dbe64ecd3953e503ffd39550504e63ab83f019171a8a,1600,900,
w12,LinkedIn caption,downloads/publishing-kit/weeks/w12/caption.txt,weeks/w12/caption.txt,False,622,f6585a11de9272301aa1387c8ac175bac11ba43886db27986c2eb4dd793fb9e7,campaign-data.js,CAMPAIGN.weeks[id=w12].caption,file_exported; activation_held,"REVIEW ONLY — NOT ACTIVATED. Technical claims, destination/form/tracking, audience, owner and human release approval remain required. Source URLs are unverified; no publishing or send authority.",source_provided_unverified,3e4fe0cb7bd76e0959ceb2683f2d8c8e36a9fdff743e6d9b5fcbe0b3c50dca8b,,,
w12,complete source copy,downloads/publishing-kit/weeks/w12/source-copy.json,weeks/w12/source-copy.json,False,1316,9b5c840833c1fa72393dc0f133aa06de737c8fdf091e046f1095f635fec942de,campaign-data.js,CAMPAIGN.weeks[id=w12],file_exported; activation_held,"REVIEW ONLY — NOT ACTIVATED. Technical claims, destination/form/tracking, audience, owner and human release approval remain required. Source URLs are unverified; no publishing or send authority.",source_provided_unverified,3e4fe0cb7bd76e0959ceb2683f2d8c8e36a9fdff743e6d9b5fcbe0b3c50dca8b,,,
w12,instructions,downloads/publishing-kit/weeks/w12/README.txt,weeks/w12/README.txt,False,711,0f5fb387f3a4f0b7efdc120ad6eb5a517d852f0ecb1305b2975619fecd04f19e,campaign-data.js,,file_exported; activation_held,"REVIEW ONLY — NOT ACTIVATED. Technical claims, destination/form/tracking, audience, owner and human release approval remain required. Source URLs are unverified; no publishing or send authority.",source_provided_unverified,3e4fe0cb7bd76e0959ceb2683f2d8c8e36a9fdff743e6d9b5fcbe0b3c50dca8b,,,
w12-feed,social format export,downloads/publishing-kit/weeks/w12/w12-feed.png,weeks/w12/w12-feed.png,False,436640,0e27fc9cb853c175d63e2653f1797661a902490c5b5ef4f2af2db204b71a3f40,assets/exports/w12-feed.webp,CAMPAIGN.weeks[id=w12],file_exported; activation_held,"REVIEW ONLY — NOT ACTIVATED. Technical claims, destination/form/tracking, audience, owner and human release approval remain required. Source URLs are unverified; no publishing or send authority.",source_provided_unverified,4ef36e34ab250ee47ea30cfc34f697dea34973191d0b949f96d320f108302451,1080,1350,
w12-square,social format export,downloads/publishing-kit/weeks/w12/w12-square.png,weeks/w12/w12-square.png,False,398485,aaab52fb46223a1acb3d28e9bf61a225c21cb03b55f826cb5dd5b26133c46a29,assets/exports/w12-square.webp,CAMPAIGN.weeks[id=w12],file_exported; activation_held,"REVIEW ONLY — NOT ACTIVATED. Technical claims, destination/form/tracking, audience, owner and human release approval remain required. Source URLs are unverified; no publishing or send authority.",source_provided_unverified,3b17c5e75d74404786cab5917101f85c63df4efb876d312ea7ab04f8ec4f262a,1080,1080,
w12-story,social format export,downloads/publishing-kit/weeks/w12/w12-story.png,weeks/w12/w12-story.png,False,555820,884925ca7eb04fe04df795446abf5bdf014f9a9e804352d334f1203bd4731710,assets/exports/w12-story.webp,CAMPAIGN.weeks[id=w12],file_exported; activation_held,"REVIEW ONLY — NOT ACTIVATED. Technical claims, destination/form/tracking, audience, owner and human release approval remain required. Source URLs are unverified; no publishing or send authority.",source_provided_unverified,daca8353ba685b99cb5231072aed170e7927ab7b68a5a2b5534a69ae6c53321c,1080,1920,
w12-wide,social format export,downloads/publishing-kit/weeks/w12/w12-wide.png,weeks/w12/w12-wide.png,False,890900,d64b67e26492b98f0a6febac459b3889ec0cb23a079ef9aff322000b1787073b,assets/exports/w12-wide.webp,CAMPAIGN.weeks[id=w12],file_exported; activation_held,"REVIEW ONLY — NOT ACTIVATED. Technical claims, destination/form/tracking, audience, owner and human release approval remain required. Source URLs are unverified; no publishing or send authority.",source_provided_unverified,53122fa1d78b85173ecefb402a95389d4770453de8abef3435fe976c05a36023,1600,900,
asset-tracking-01,LinkedIn document slide — M2M Connectivity,downloads/publishing-kit/carousels/asset-tracking/asset-tracking-01.png,carousels/asset-tracking/asset-tracking-01.png,False,716038,12b7997a6ffeb6dd8948be1afa60d24686ae45bda654a0cb635e21e4cffca257,assets/carousels/asset-tracking-01.webp,CAMPAIGN.carousels[id=asset-tracking].slides[0],file_exported; activation_held,"REVIEW ONLY — NOT ACTIVATED. Technical claims, destination/form/tracking, audience, owner and human release approval remain required. Source URLs are unverified; no publishing or send authority.",source_provided_unverified,daef87ef7bf848510023c8a3badbe7e784bd1068baa6ad733dfa2b0073e0f1b0,1080,1350,
asset-tracking-02,LinkedIn document slide — M2M Connectivity,downloads/publishing-kit/carousels/asset-tracking/asset-tracking-02.png,carousels/asset-tracking/asset-tracking-02.png,False,618616,9f3d95724151185f019d4faf96cc860f2871146e46261f04b14dfb82da5509f9,assets/carousels/asset-tracking-02.webp,CAMPAIGN.carousels[id=asset-tracking].slides[1],file_exported; activation_held,"REVIEW ONLY — NOT ACTIVATED. Technical claims, destination/form/tracking, audience, owner and human release approval remain required. Source URLs are unverified; no publishing or send authority.",source_provided_unverified,2bb17b1012a90f4d97df13d94369889855108892b2742a9146046511194f589d,1080,1350,
asset-tracking-03,LinkedIn document slide — M2M Connectivity,downloads/publishing-kit/carousels/asset-tracking/asset-tracking-03.png,carousels/asset-tracking/asset-tracking-03.png,False,725750,9223e6511286e1cbc1192d0fd799169e62caf912fb1a954d5502402e9b0ec395,assets/carousels/asset-tracking-03.webp,CAMPAIGN.carousels[id=asset-tracking].slides[2],file_exported; activation_held,"REVIEW ONLY — NOT ACTIVATED. Technical claims, destination/form/tracking, audience, owner and human release approval remain required. Source URLs are unverified; no publishing or send authority.",source_provided_unverified,16a89e42de0f14e8537099bf2fa9b535e7adb294ae6e4c75141267e283e1cabf,1080,1350,
asset-tracking-04,LinkedIn document slide — M2M Connectivity,downloads/publishing-kit/carousels/asset-tracking/asset-tracking-04.png,carousels/asset-tracking/asset-tracking-04.png,False,711949,a4e421426a6cb6d06f85df9860a7e0a3a7924bcbecb5b1076847a5328c4d3617,assets/carousels/asset-tracking-04.webp,CAMPAIGN.carousels[id=asset-tracking].slides[3],file_exported; activation_held,"REVIEW ONLY — NOT ACTIVATED. Technical claims, destination/form/tracking, audience, owner and human release approval remain required. Source URLs are unverified; no publishing or send authority.",source_provided_unverified,c6ecd6039b6c8a6514d18d0a8e3bc96d6a7c7b9834041bcd3769c0f008ee8002,1080,1350,
asset-tracking-05,LinkedIn document slide — M2M Connectivity,downloads/publishing-kit/carousels/asset-tracking/asset-tracking-05.png,carousels/asset-tracking/asset-tracking-05.png,False,871474,db22f0455758298b7636ce2c3e3a29603a96acb6895f3d19cb4238f71e00fa34,assets/carousels/asset-tracking-05.webp,CAMPAIGN.carousels[id=asset-tracking].slides[4],file_exported; activation_held,"REVIEW ONLY — NOT ACTIVATED. Technical claims, destination/form/tracking, audience, owner and human release approval remain required. Source URLs are unverified; no publishing or send authority.",source_provided_unverified,638060b0fe3567444ebd0d293a1daa454d3ce89a052552c4293e99eb7879f132,1080,1350,
asset-tracking,LinkedIn document PDF — M2M Connectivity,downloads/asset-tracking-linkedin-document.pdf,,True,1876855,7dd71c08caf03a7b5d0286ea4d079d690d2d5fa6b6c7a44528a660331895546b,,CAMPAIGN.carousels[id=asset-tracking],file_exported; activation_held,"REVIEW ONLY — NOT ACTIVATED. Technical claims, destination/form/tracking, audience, owner and human release approval remain required. Source URLs are unverified; no publishing or send authority.",source_provided_unverified,,,,5
asset-tracking,LinkedIn document PDF — M2M Connectivity,downloads/publishing-kit/carousels/asset-tracking/asset-tracking-linkedin-document.pdf,carousels/asset-tracking/asset-tracking-linkedin-document.pdf,False,1876855,7dd71c08caf03a7b5d0286ea4d079d690d2d5fa6b6c7a44528a660331895546b,downloads/asset-tracking-linkedin-document.pdf,,file_exported; activation_held,"REVIEW ONLY — NOT ACTIVATED. Technical claims, destination/form/tracking, audience, owner and human release approval remain required. Source URLs are unverified; no publishing or send authority.",source_provided_unverified,7dd71c08caf03a7b5d0286ea4d079d690d2d5fa6b6c7a44528a660331895546b,,,5
asset-tracking,instructions,downloads/publishing-kit/carousels/asset-tracking/BRAND-VERSION.txt,carousels/asset-tracking/BRAND-VERSION.txt,False,369,2d1cd4b9b6b7ac6b28a546a9acedc5634c411a67e8ba2c1021d702f27b4258ed,campaign-data.js,,file_exported; activation_held,"REVIEW ONLY — NOT ACTIVATED. Technical claims, destination/form/tracking, audience, owner and human release approval remain required. Source URLs are unverified; no publishing or send authority.",source_provided_unverified,3e4fe0cb7bd76e0959ceb2683f2d8c8e36a9fdff743e6d9b5fcbe0b3c50dca8b,,,
asset-tracking,LinkedIn document caption,downloads/publishing-kit/carousels/asset-tracking/caption.txt,carousels/asset-tracking/caption.txt,False,688,ab7a282b6b9888f034565ef4ada71c15997a84a49a07ee32be021e9cf38842fb,campaign-data.js,CAMPAIGN.weeks[id=w04].caption,file_exported; activation_held,"REVIEW ONLY — NOT ACTIVATED. Technical claims, destination/form/tracking, audience, owner and human release approval remain required. Source URLs are unverified; no publishing or send authority.",source_provided_unverified,3e4fe0cb7bd76e0959ceb2683f2d8c8e36a9fdff743e6d9b5fcbe0b3c50dca8b,,,
asset-tracking,complete source copy,downloads/publishing-kit/carousels/asset-tracking/source-copy.json,carousels/asset-tracking/source-copy.json,False,2101,c8251a365c6b94ccae525b087c4409590d5dec3212aa5bf99cc0e8f459db48d8,campaign-data.js,CAMPAIGN.carousels[id=asset-tracking],file_exported; activation_held,"REVIEW ONLY — NOT ACTIVATED. Technical claims, destination/form/tracking, audience, owner and human release approval remain required. Source URLs are unverified; no publishing or send authority.",source_provided_unverified,3e4fe0cb7bd76e0959ceb2683f2d8c8e36a9fdff743e6d9b5fcbe0b3c50dca8b,,,
asset-tracking,instructions,downloads/publishing-kit/carousels/asset-tracking/README.txt,carousels/asset-tracking/README.txt,False,939,af1c47cfbcc3195d7eb2f32ccd7aa7c3ae3e05a973891f7980002ca463c38822,campaign-data.js,,file_exported; activation_held,"REVIEW ONLY — NOT ACTIVATED. Technical claims, destination/form/tracking, audience, owner and human release approval remain required. Source URLs are unverified; no publishing or send authority.",source_provided_unverified,3e4fe0cb7bd76e0959ceb2683f2d8c8e36a9fdff743e6d9b5fcbe0b3c50dca8b,,,
asset-tracking-m2m-one-01,LinkedIn document slide — M2M One,downloads/publishing-kit/carousels/asset-tracking/m2m-one/asset-tracking-01.png,carousels/asset-tracking/m2m-one/asset-tracking-01.png,False,718320,5bc1287b8847e4a4751a7cea1a9417f29b716904986d7b10814e32a4bb4f268a,assets/carousels/m2m-one/asset-tracking-01.webp,CAMPAIGN.carousels[id=asset-tracking].slides[0],file_exported; activation_held,"REVIEW ONLY — NOT ACTIVATED. Technical claims, destination/form/tracking, audience, owner and human release approval remain required. Source URLs are unverified; no publishing or send authority.",source_provided_unverified,6ac5a132416291e83ab206660e47fa930e5bb8aa4bbe1dde781a5737828c7240,1080,1350,
asset-tracking-m2m-one-02,LinkedIn document slide — M2M One,downloads/publishing-kit/carousels/asset-tracking/m2m-one/asset-tracking-02.png,carousels/asset-tracking/m2m-one/asset-tracking-02.png,False,622330,e008de8cc9a91bf4456ab191b279135894926633aaf7b59fbe4cc1c7ef6604bb,assets/carousels/m2m-one/asset-tracking-02.webp,CAMPAIGN.carousels[id=asset-tracking].slides[1],file_exported; activation_held,"REVIEW ONLY — NOT ACTIVATED. Technical claims, destination/form/tracking, audience, owner and human release approval remain required. Source URLs are unverified; no publishing or send authority.",source_provided_unverified,b9da53c2d143a3c7cc5e30f086f044c6b2a05a88750894671da5b72ae8aa8b8e,1080,1350,
asset-tracking-m2m-one-03,LinkedIn document slide — M2M One,downloads/publishing-kit/carousels/asset-tracking/m2m-one/asset-tracking-03.png,carousels/asset-tracking/m2m-one/asset-tracking-03.png,False,726356,25137ecc3c14a5854f664fb095e13cb63e2e392c1eac2cf51bcc2428a4b4db89,assets/carousels/m2m-one/asset-tracking-03.webp,CAMPAIGN.carousels[id=asset-tracking].slides[2],file_exported; activation_held,"REVIEW ONLY — NOT ACTIVATED. Technical claims, destination/form/tracking, audience, owner and human release approval remain required. Source URLs are unverified; no publishing or send authority.",source_provided_unverified,41f6542829c4c5250c0d0e264ea9ffbd929690d79e8f60db44413e4097ffd570,1080,1350,
asset-tracking-m2m-one-04,LinkedIn document slide — M2M One,downloads/publishing-kit/carousels/asset-tracking/m2m-one/asset-tracking-04.png,carousels/asset-tracking/m2m-one/asset-tracking-04.png,False,718345,3236a5128807ea6ed7dae048b18367ba213432bdb2bff4bf3e25b4373976c86d,assets/carousels/m2m-one/asset-tracking-04.webp,CAMPAIGN.carousels[id=asset-tracking].slides[3],file_exported; activation_held,"REVIEW ONLY — NOT ACTIVATED. Technical claims, destination/form/tracking, audience, owner and human release approval remain required. Source URLs are unverified; no publishing or send authority.",source_provided_unverified,f3d11d1270c3e2e9cdae13dec3ad5f0daf76f253260f33dcbd170914aae83a82,1080,1350,
asset-tracking-m2m-one-05,LinkedIn document slide — M2M One,downloads/publishing-kit/carousels/asset-tracking/m2m-one/asset-tracking-05.png,carousels/asset-tracking/m2m-one/asset-tracking-05.png,False,876597,e2f8c6f8178f488e04d85f8e0926341b767d6c4f7b8905056b44096a39d4a79f,assets/carousels/m2m-one/asset-tracking-05.webp,CAMPAIGN.carousels[id=asset-tracking].slides[4],file_exported; activation_held,"REVIEW ONLY — NOT ACTIVATED. Technical claims, destination/form/tracking, audience, owner and human release approval remain required. Source URLs are unverified; no publishing or send authority.",source_provided_unverified,d7af1c9eb9d43104590065b623c6a30cadc438366e53b8ca1ddaa39227013770,1080,1350,
asset-tracking-m2m-one,LinkedIn document PDF — M2M One,downloads/asset-tracking-m2m-one-linkedin-document.pdf,,True,1894447,b84033366c668935ab89b1a5c25f743ad0315b6544dde1de2cb5c743d42b010a,,CAMPAIGN.carousels[id=asset-tracking],file_exported; activation_held,"REVIEW ONLY — NOT ACTIVATED. Technical claims, destination/form/tracking, audience, owner and human release approval remain required. Source URLs are unverified; no publishing or send authority.",source_provided_unverified,,,,5
asset-tracking-m2m-one,LinkedIn document PDF — M2M One,downloads/publishing-kit/carousels/asset-tracking/m2m-one/asset-tracking-m2m-one-linkedin-document.pdf,carousels/asset-tracking/m2m-one/asset-tracking-m2m-one-linkedin-document.pdf,False,1894447,b84033366c668935ab89b1a5c25f743ad0315b6544dde1de2cb5c743d42b010a,downloads/asset-tracking-m2m-one-linkedin-document.pdf,,file_exported; activation_held,"REVIEW ONLY — NOT ACTIVATED. Technical claims, destination/form/tracking, audience, owner and human release approval remain required. Source URLs are unverified; no publishing or send authority.",source_provided_unverified,b84033366c668935ab89b1a5c25f743ad0315b6544dde1de2cb5c743d42b010a,,,5
asset-tracking-m2m-one,instructions,downloads/publishing-kit/carousels/asset-tracking/m2m-one/BRAND-VERSION.txt,carousels/asset-tracking/m2m-one/BRAND-VERSION.txt,False,360,ebe1d3c8e4f99979a3fbfaedba5f2c7119746e0895dcd8890d0d59e74f9c6c47,campaign-data.js,,file_exported; activation_held,"REVIEW ONLY — NOT ACTIVATED. Technical claims, destination/form/tracking, audience, owner and human release approval remain required. Source URLs are unverified; no publishing or send authority.",source_provided_unverified,3e4fe0cb7bd76e0959ceb2683f2d8c8e36a9fdff743e6d9b5fcbe0b3c50dca8b,,,
asset-tracking-m2m-one,LinkedIn document caption,downloads/publishing-kit/carousels/asset-tracking/m2m-one/caption.txt,carousels/asset-tracking/m2m-one/caption.txt,False,688,ab7a282b6b9888f034565ef4ada71c15997a84a49a07ee32be021e9cf38842fb,campaign-data.js,CAMPAIGN.weeks[id=w04].caption,file_exported; activation_held,"REVIEW ONLY — NOT ACTIVATED. Technical claims, destination/form/tracking, audience, owner and human release approval remain required. Source URLs are unverified; no publishing or send authority.",source_provided_unverified,3e4fe0cb7bd76e0959ceb2683f2d8c8e36a9fdff743e6d9b5fcbe0b3c50dca8b,,,
asset-tracking-m2m-one,complete source copy,downloads/publishing-kit/carousels/asset-tracking/m2m-one/source-copy.json,carousels/asset-tracking/m2m-one/source-copy.json,False,2101,c8251a365c6b94ccae525b087c4409590d5dec3212aa5bf99cc0e8f459db48d8,campaign-data.js,CAMPAIGN.carousels[id=asset-tracking],file_exported; activation_held,"REVIEW ONLY — NOT ACTIVATED. Technical claims, destination/form/tracking, audience, owner and human release approval remain required. Source URLs are unverified; no publishing or send authority.",source_provided_unverified,3e4fe0cb7bd76e0959ceb2683f2d8c8e36a9fdff743e6d9b5fcbe0b3c50dca8b,,,
asset-tracking-m2m-one,instructions,downloads/publishing-kit/carousels/asset-tracking/m2m-one/README.txt,carousels/asset-tracking/m2m-one/README.txt,False,912,cc611dac030f2583367e6e6cee8b31ce9c4385b526b1d4298a5ce53f700a3fb2,campaign-data.js,,file_exported; activation_held,"REVIEW ONLY — NOT ACTIVATED. Technical claims, destination/form/tracking, audience, owner and human release approval remain required. Source URLs are unverified; no publishing or send authority.",source_provided_unverified,3e4fe0cb7bd76e0959ceb2683f2d8c8e36a9fdff743e6d9b5fcbe0b3c50dca8b,,,
agtech-01,LinkedIn document slide — M2M Connectivity,downloads/publishing-kit/carousels/agtech/agtech-01.png,carousels/agtech/agtech-01.png,False,700558,208c2100294d0611d645d7f0fbecbba6422162cf2db10ea5b565517137a49a04,assets/carousels/agtech-01.webp,CAMPAIGN.carousels[id=agtech].slides[0],file_exported; activation_held,"REVIEW ONLY — NOT ACTIVATED. Technical claims, destination/form/tracking, audience, owner and human release approval remain required. Source URLs are unverified; no publishing or send authority.",source_provided_unverified,f35136c24db09066483b543690acc06352f053018028c1aa2e9fc823db5ed8f8,1080,1350,
agtech-02,LinkedIn document slide — M2M Connectivity,downloads/publishing-kit/carousels/agtech/agtech-02.png,carousels/agtech/agtech-02.png,False,551646,3bccbfa249d77b6bd2294775928d5afa995086d9bb6a6af1e85d25f5f06d22f7,assets/carousels/agtech-02.webp,CAMPAIGN.carousels[id=agtech].slides[1],file_exported; activation_held,"REVIEW ONLY — NOT ACTIVATED. Technical claims, destination/form/tracking, audience, owner and human release approval remain required. Source URLs are unverified; no publishing or send authority.",source_provided_unverified,e67519b515575068f5eaa95043a2e65743c256783dd6ab303cfe2605b64201a0,1080,1350,
agtech-03,LinkedIn document slide — M2M Connectivity,downloads/publishing-kit/carousels/agtech/agtech-03.png,carousels/agtech/agtech-03.png,False,695900,0312f559ca2c51001b1bebbcfa339601f3cbb3e7aeb4c0f5d1f47d938d41868b,assets/carousels/agtech-03.webp,CAMPAIGN.carousels[id=agtech].slides[2],file_exported; activation_held,"REVIEW ONLY — NOT ACTIVATED. Technical claims, destination/form/tracking, audience, owner and human release approval remain required. Source URLs are unverified; no publishing or send authority.",source_provided_unverified,88eaa4c4b3e16024a8e81c364ea8e344e19e0db95c60a85033968507802fc98d,1080,1350,
agtech-04,LinkedIn document slide — M2M Connectivity,downloads/publishing-kit/carousels/agtech/agtech-04.png,carousels/agtech/agtech-04.png,False,693552,cd00eeecfa9465b9c3d13249008712bb4d45dcfebde2578bcdb62fe65e7c703a,assets/carousels/agtech-04.webp,CAMPAIGN.carousels[id=agtech].slides[3],file_exported; activation_held,"REVIEW ONLY — NOT ACTIVATED. Technical claims, destination/form/tracking, audience, owner and human release approval remain required. Source URLs are unverified; no publishing or send authority.",source_provided_unverified,daaff4f6322c74ad48431c4059f1df6a07c41de1b677b7a6653f38322e00e822,1080,1350,
agtech-05,LinkedIn document slide — M2M Connectivity,downloads/publishing-kit/carousels/agtech/agtech-05.png,carousels/agtech/agtech-05.png,False,944946,9c0f8f02391b6f582c08a3f1799923749f38f3f24d1e74018a7d4978c0d89db0,assets/carousels/agtech-05.webp,CAMPAIGN.carousels[id=agtech].slides[4],file_exported; activation_held,"REVIEW ONLY — NOT ACTIVATED. Technical claims, destination/form/tracking, audience, owner and human release approval remain required. Source URLs are unverified; no publishing or send authority.",source_provided_unverified,5e4f6df2cdf207adfd2b560898e99a7cb1319e00ada0fc1ae2d3cbadf6c7ae61,1080,1350,
agtech,LinkedIn document PDF — M2M Connectivity,downloads/agtech-linkedin-document.pdf,,True,1915334,85c3c31b478abf171bb9c3cb3c8de8aa40716cb9caea5896297e77e6583cfa8a,,CAMPAIGN.carousels[id=agtech],file_exported; activation_held,"REVIEW ONLY — NOT ACTIVATED. Technical claims, destination/form/tracking, audience, owner and human release approval remain required. Source URLs are unverified; no publishing or send authority.",source_provided_unverified,,,,5
agtech,LinkedIn document PDF — M2M Connectivity,downloads/publishing-kit/carousels/agtech/agtech-linkedin-document.pdf,carousels/agtech/agtech-linkedin-document.pdf,False,1915334,85c3c31b478abf171bb9c3cb3c8de8aa40716cb9caea5896297e77e6583cfa8a,downloads/agtech-linkedin-document.pdf,,file_exported; activation_held,"REVIEW ONLY — NOT ACTIVATED. Technical claims, destination/form/tracking, audience, owner and human release approval remain required. Source URLs are unverified; no publishing or send authority.",source_provided_unverified,85c3c31b478abf171bb9c3cb3c8de8aa40716cb9caea5896297e77e6583cfa8a,,,5
agtech,instructions,downloads/publishing-kit/carousels/agtech/BRAND-VERSION.txt,carousels/agtech/BRAND-VERSION.txt,False,369,2d1cd4b9b6b7ac6b28a546a9acedc5634c411a67e8ba2c1021d702f27b4258ed,campaign-data.js,,file_exported; activation_held,"REVIEW ONLY — NOT ACTIVATED. Technical claims, destination/form/tracking, audience, owner and human release approval remain required. Source URLs are unverified; no publishing or send authority.",source_provided_unverified,3e4fe0cb7bd76e0959ceb2683f2d8c8e36a9fdff743e6d9b5fcbe0b3c50dca8b,,,
agtech,LinkedIn document caption,downloads/publishing-kit/carousels/agtech/caption.txt,carousels/agtech/caption.txt,False,688,949d06d931c3b3341abee9fe13a1a855483153a1529ebdff6f2cdaebad5b1175,campaign-data.js,CAMPAIGN.weeks[id=w05].caption,file_exported; activation_held,"REVIEW ONLY — NOT ACTIVATED. Technical claims, destination/form/tracking, audience, owner and human release approval remain required. Source URLs are unverified; no publishing or send authority.",source_provided_unverified,3e4fe0cb7bd76e0959ceb2683f2d8c8e36a9fdff743e6d9b5fcbe0b3c50dca8b,,,
agtech,complete source copy,downloads/publishing-kit/carousels/agtech/source-copy.json,carousels/agtech/source-copy.json,False,2049,134a58d023624a066f91942def6455c3c95203cfdae2fe298edd8d0deeec5a9f,campaign-data.js,CAMPAIGN.carousels[id=agtech],file_exported; activation_held,"REVIEW ONLY — NOT ACTIVATED. Technical claims, destination/form/tracking, audience, owner and human release approval remain required. Source URLs are unverified; no publishing or send authority.",source_provided_unverified,3e4fe0cb7bd76e0959ceb2683f2d8c8e36a9fdff743e6d9b5fcbe0b3c50dca8b,,,
agtech,instructions,downloads/publishing-kit/carousels/agtech/README.txt,carousels/agtech/README.txt,False,965,2748fc829a3afeab0af2f9931dd234d2b7d6088e690025b48f6e3f3b5fb0216f,campaign-data.js,,file_exported; activation_held,"REVIEW ONLY — NOT ACTIVATED. Technical claims, destination/form/tracking, audience, owner and human release approval remain required. Source URLs are unverified; no publishing or send authority.",source_provided_unverified,3e4fe0cb7bd76e0959ceb2683f2d8c8e36a9fdff743e6d9b5fcbe0b3c50dca8b,,,
agtech-m2m-one-01,LinkedIn document slide — M2M One,downloads/publishing-kit/carousels/agtech/m2m-one/agtech-01.png,carousels/agtech/m2m-one/agtech-01.png,False,703270,c42e656371080ce5d76bc1ff6e16386d97fb26c2f613e8b08bfff83174f442ba,assets/carousels/m2m-one/agtech-01.webp,CAMPAIGN.carousels[id=agtech].slides[0],file_exported; activation_held,"REVIEW ONLY — NOT ACTIVATED. Technical claims, destination/form/tracking, audience, owner and human release approval remain required. Source URLs are unverified; no publishing or send authority.",source_provided_unverified,fd245254e367e36102ee623b04bb54b596f031c45dc22a7942e9ea82fb8cb434,1080,1350,
agtech-m2m-one-02,LinkedIn document slide — M2M One,downloads/publishing-kit/carousels/agtech/m2m-one/agtech-02.png,carousels/agtech/m2m-one/agtech-02.png,False,564774,4ff5e3088e94596beb13fb660f868ded6e54cfd58a6fa5a863b0129e8295c517,assets/carousels/m2m-one/agtech-02.webp,CAMPAIGN.carousels[id=agtech].slides[1],file_exported; activation_held,"REVIEW ONLY — NOT ACTIVATED. Technical claims, destination/form/tracking, audience, owner and human release approval remain required. Source URLs are unverified; no publishing or send authority.",source_provided_unverified,78b7b361da2fa882a6e28179085e11c43c2e1406e676b69664d482d57354cd7d,1080,1350,
agtech-m2m-one-03,LinkedIn document slide — M2M One,downloads/publishing-kit/carousels/agtech/m2m-one/agtech-03.png,carousels/agtech/m2m-one/agtech-03.png,False,701831,f19d1a1f8ac05ab2114db41bc20c9e6f77a2e590ff43542ee7cde174a663408c,assets/carousels/m2m-one/agtech-03.webp,CAMPAIGN.carousels[id=agtech].slides[2],file_exported; activation_held,"REVIEW ONLY — NOT ACTIVATED. Technical claims, destination/form/tracking, audience, owner and human release approval remain required. Source URLs are unverified; no publishing or send authority.",source_provided_unverified,28407aab787b233946d0e03b04c5dc48e4880c70255da4bff4dfc9a023d2a01e,1080,1350,
agtech-m2m-one-04,LinkedIn document slide — M2M One,downloads/publishing-kit/carousels/agtech/m2m-one/agtech-04.png,carousels/agtech/m2m-one/agtech-04.png,False,700355,b605fea4e4c973f1353d858c431108c64e953e46c630a91916273fc78a63092a,assets/carousels/m2m-one/agtech-04.webp,CAMPAIGN.carousels[id=agtech].slides[3],file_exported; activation_held,"REVIEW ONLY — NOT ACTIVATED. Technical claims, destination/form/tracking, audience, owner and human release approval remain required. Source URLs are unverified; no publishing or send authority.",source_provided_unverified,5fe9edd3c72fc12bdb009a249743e2c2ac32d999cb3a45a6d14e17c1a36fd498,1080,1350,
agtech-m2m-one-05,LinkedIn document slide — M2M One,downloads/publishing-kit/carousels/agtech/m2m-one/agtech-05.png,carousels/agtech/m2m-one/agtech-05.png,False,950467,340e86c2eab1ac3c6f11ced0df0c49af9bfce2313a8d209e2906d46826ff2ad6,assets/carousels/m2m-one/agtech-05.webp,CAMPAIGN.carousels[id=agtech].slides[4],file_exported; activation_held,"REVIEW ONLY — NOT ACTIVATED. Technical claims, destination/form/tracking, audience, owner and human release approval remain required. Source URLs are unverified; no publishing or send authority.",source_provided_unverified,a45c4cad9b27beab2c0a9a31086bbccfb7edcfff72f9565efdd801afd4da408e,1080,1350,
agtech-m2m-one,LinkedIn document PDF — M2M One,downloads/agtech-m2m-one-linkedin-document.pdf,,True,1939404,df7e961ad13e0cc37a05adaeaf236ddd704b6ef9fba550f2bbaa96eb491fc987,,CAMPAIGN.carousels[id=agtech],file_exported; activation_held,"REVIEW ONLY — NOT ACTIVATED. Technical claims, destination/form/tracking, audience, owner and human release approval remain required. Source URLs are unverified; no publishing or send authority.",source_provided_unverified,,,,5
agtech-m2m-one,LinkedIn document PDF — M2M One,downloads/publishing-kit/carousels/agtech/m2m-one/agtech-m2m-one-linkedin-document.pdf,carousels/agtech/m2m-one/agtech-m2m-one-linkedin-document.pdf,False,1939404,df7e961ad13e0cc37a05adaeaf236ddd704b6ef9fba550f2bbaa96eb491fc987,downloads/agtech-m2m-one-linkedin-document.pdf,,file_exported; activation_held,"REVIEW ONLY — NOT ACTIVATED. Technical claims, destination/form/tracking, audience, owner and human release approval remain required. Source URLs are unverified; no publishing or send authority.",source_provided_unverified,df7e961ad13e0cc37a05adaeaf236ddd704b6ef9fba550f2bbaa96eb491fc987,,,5
agtech-m2m-one,instructions,downloads/publishing-kit/carousels/agtech/m2m-one/BRAND-VERSION.txt,carousels/agtech/m2m-one/BRAND-VERSION.txt,False,360,ebe1d3c8e4f99979a3fbfaedba5f2c7119746e0895dcd8890d0d59e74f9c6c47,campaign-data.js,,file_exported; activation_held,"REVIEW ONLY — NOT ACTIVATED. Technical claims, destination/form/tracking, audience, owner and human release approval remain required. Source URLs are unverified; no publishing or send authority.",source_provided_unverified,3e4fe0cb7bd76e0959ceb2683f2d8c8e36a9fdff743e6d9b5fcbe0b3c50dca8b,,,
agtech-m2m-one,LinkedIn document caption,downloads/publishing-kit/carousels/agtech/m2m-one/caption.txt,carousels/agtech/m2m-one/caption.txt,False,688,949d06d931c3b3341abee9fe13a1a855483153a1529ebdff6f2cdaebad5b1175,campaign-data.js,CAMPAIGN.weeks[id=w05].caption,file_exported; activation_held,"REVIEW ONLY — NOT ACTIVATED. Technical claims, destination/form/tracking, audience, owner and human release approval remain required. Source URLs are unverified; no publishing or send authority.",source_provided_unverified,3e4fe0cb7bd76e0959ceb2683f2d8c8e36a9fdff743e6d9b5fcbe0b3c50dca8b,,,
agtech-m2m-one,complete source copy,downloads/publishing-kit/carousels/agtech/m2m-one/source-copy.json,carousels/agtech/m2m-one/source-copy.json,False,2049,134a58d023624a066f91942def6455c3c95203cfdae2fe298edd8d0deeec5a9f,campaign-data.js,CAMPAIGN.carousels[id=agtech],file_exported; activation_held,"REVIEW ONLY — NOT ACTIVATED. Technical claims, destination/form/tracking, audience, owner and human release approval remain required. Source URLs are unverified; no publishing or send authority.",source_provided_unverified,3e4fe0cb7bd76e0959ceb2683f2d8c8e36a9fdff743e6d9b5fcbe0b3c50dca8b,,,
agtech-m2m-one,instructions,downloads/publishing-kit/carousels/agtech/m2m-one/README.txt,carousels/agtech/m2m-one/README.txt,False,938,99a9a72766c21de83fcffd01b4f353d3ae3406a7a590407ff71e0c194e21aaee,campaign-data.js,,file_exported; activation_held,"REVIEW ONLY — NOT ACTIVATED. Technical claims, destination/form/tracking, audience, owner and human release approval remain required. Source URLs are unverified; no publishing or send authority.",source_provided_unverified,3e4fe0cb7bd76e0959ceb2683f2d8c8e36a9fdff743e6d9b5fcbe0b3c50dca8b,,,
environmental-01,LinkedIn document slide — M2M Connectivity,downloads/publishing-kit/carousels/environmental/environmental-01.png,carousels/environmental/environmental-01.png,False,1151541,dbacb79ed6eb824268aa05e8067861c366a67c1fd5993c453c332a379ec87fa1,assets/carousels/environmental-01.webp,CAMPAIGN.carousels[id=environmental].slides[0],file_exported; activation_held,"REVIEW ONLY — NOT ACTIVATED. Technical claims, destination/form/tracking, audience, owner and human release approval remain required. Source URLs are unverified; no publishing or send authority.",source_provided_unverified,c21b0aa3a77af5d8bee39a0fdbfcb526b4b58f06a3f1833a200fe40771620fda,1080,1350,
environmental-02,LinkedIn document slide — M2M Connectivity,downloads/publishing-kit/carousels/environmental/environmental-02.png,carousels/environmental/environmental-02.png,False,834810,953c4ca44ea51ea81b8bd1f972e066c0de1c5626a8d11c241afddf80f8d003a9,assets/carousels/environmental-02.webp,CAMPAIGN.carousels[id=environmental].slides[1],file_exported; activation_held,"REVIEW ONLY — NOT ACTIVATED. Technical claims, destination/form/tracking, audience, owner and human release approval remain required. Source URLs are unverified; no publishing or send authority.",source_provided_unverified,d89f713c510b8d17a9fa1334998d55e9e1afd792484e4bc0903bc4d314e0316f,1080,1350,
environmental-03,LinkedIn document slide — M2M Connectivity,downloads/publishing-kit/carousels/environmental/environmental-03.png,carousels/environmental/environmental-03.png,False,967021,631ef0aea29ea3888f175bedd2c1a079598273c412e5641dcfb6b774850bb15c,assets/carousels/environmental-03.webp,CAMPAIGN.carousels[id=environmental].slides[2],file_exported; activation_held,"REVIEW ONLY — NOT ACTIVATED. Technical claims, destination/form/tracking, audience, owner and human release approval remain required. Source URLs are unverified; no publishing or send authority.",source_provided_unverified,9d7ce106189f3781d078805256deb293808607575ba46e1877efff4c7ae6066b,1080,1350,
environmental-04,LinkedIn document slide — M2M Connectivity,downloads/publishing-kit/carousels/environmental/environmental-04.png,carousels/environmental/environmental-04.png,False,832111,3064a73bb9af0cfa7fb5ea29c568a823a49b6475059f4c2e13c4b7c90477f950,assets/carousels/environmental-04.webp,CAMPAIGN.carousels[id=environmental].slides[3],file_exported; activation_held,"REVIEW ONLY — NOT ACTIVATED. Technical claims, destination/form/tracking, audience, owner and human release approval remain required. Source URLs are unverified; no publishing or send authority.",source_provided_unverified,b34eaf63a90dc80a41b19d7848894cf0d08145b8727fb2d3a8dbbc6c5e66b011,1080,1350,
environmental-05,LinkedIn document slide — M2M Connectivity,downloads/publishing-kit/carousels/environmental/environmental-05.png,carousels/environmental/environmental-05.png,False,1187913,0152d5a8bb63993b86996c55c084d53a0c44c26354ff3ebe0f0268ece91a9f05,assets/carousels/environmental-05.webp,CAMPAIGN.carousels[id=environmental].slides[4],file_exported; activation_held,"REVIEW ONLY — NOT ACTIVATED. Technical claims, destination/form/tracking, audience, owner and human release approval remain required. Source URLs are unverified; no publishing or send authority.",source_provided_unverified,5f90803796d01fbded0e9d584d2a4b9197365f7f716f4894f50c447acc57230e,1080,1350,
environmental,LinkedIn document PDF — M2M Connectivity,downloads/environmental-linkedin-document.pdf,,True,2354566,1de6ed3f857a36d882322bba3cadf54abec72f7ef610d7e43fd807272c465ac8,,CAMPAIGN.carousels[id=environmental],file_exported; activation_held,"REVIEW ONLY — NOT ACTIVATED. Technical claims, destination/form/tracking, audience, owner and human release approval remain required. Source URLs are unverified; no publishing or send authority.",source_provided_unverified,,,,5
environmental,LinkedIn document PDF — M2M Connectivity,downloads/publishing-kit/carousels/environmental/environmental-linkedin-document.pdf,carousels/environmental/environmental-linkedin-document.pdf,False,2354566,1de6ed3f857a36d882322bba3cadf54abec72f7ef610d7e43fd807272c465ac8,downloads/environmental-linkedin-document.pdf,,file_exported; activation_held,"REVIEW ONLY — NOT ACTIVATED. Technical claims, destination/form/tracking, audience, owner and human release approval remain required. Source URLs are unverified; no publishing or send authority.",source_provided_unverified,1de6ed3f857a36d882322bba3cadf54abec72f7ef610d7e43fd807272c465ac8,,,5
environmental,instructions,downloads/publishing-kit/carousels/environmental/BRAND-VERSION.txt,carousels/environmental/BRAND-VERSION.txt,False,369,2d1cd4b9b6b7ac6b28a546a9acedc5634c411a67e8ba2c1021d702f27b4258ed,campaign-data.js,,file_exported; activation_held,"REVIEW ONLY — NOT ACTIVATED. Technical claims, destination/form/tracking, audience, owner and human release approval remain required. Source URLs are unverified; no publishing or send authority.",source_provided_unverified,3e4fe0cb7bd76e0959ceb2683f2d8c8e36a9fdff743e6d9b5fcbe0b3c50dca8b,,,
environmental,LinkedIn document caption,downloads/publishing-kit/carousels/environmental/caption.txt,carousels/environmental/caption.txt,False,702,8997c49cb61095ba1ec02615f5750d044281fb7d33644fae702df3c7e6716a7b,campaign-data.js,CAMPAIGN.weeks[id=w06].caption,file_exported; activation_held,"REVIEW ONLY — NOT ACTIVATED. Technical claims, destination/form/tracking, audience, owner and human release approval remain required. Source URLs are unverified; no publishing or send authority.",source_provided_unverified,3e4fe0cb7bd76e0959ceb2683f2d8c8e36a9fdff743e6d9b5fcbe0b3c50dca8b,,,
environmental,complete source copy,downloads/publishing-kit/carousels/environmental/source-copy.json,carousels/environmental/source-copy.json,False,2036,ee0d9f4c2ee70062bd56cae8928e47951f886e3177f64909651df02a03ced84c,campaign-data.js,CAMPAIGN.carousels[id=environmental],file_exported; activation_held,"REVIEW ONLY — NOT ACTIVATED. Technical claims, destination/form/tracking, audience, owner and human release approval remain required. Source URLs are unverified; no publishing or send authority.",source_provided_unverified,3e4fe0cb7bd76e0959ceb2683f2d8c8e36a9fdff743e6d9b5fcbe0b3c50dca8b,,,
environmental,instructions,downloads/publishing-kit/carousels/environmental/README.txt,carousels/environmental/README.txt,False,951,de2d81f64f861441d88bf135758f0f6deb2ab81d0acd4eb8d98306f34ba15c88,campaign-data.js,,file_exported; activation_held,"REVIEW ONLY — NOT ACTIVATED. Technical claims, destination/form/tracking, audience, owner and human release approval remain required. Source URLs are unverified; no publishing or send authority.",source_provided_unverified,3e4fe0cb7bd76e0959ceb2683f2d8c8e36a9fdff743e6d9b5fcbe0b3c50dca8b,,,
environmental-m2m-one-01,LinkedIn document slide — M2M One,downloads/publishing-kit/carousels/environmental/m2m-one/environmental-01.png,carousels/environmental/m2m-one/environmental-01.png,False,1157428,6fa5fb2a8711d2ae8c25e06dc83f6cf04cd484f7ff135ee0be4df1f85c653640,assets/carousels/m2m-one/environmental-01.webp,CAMPAIGN.carousels[id=environmental].slides[0],file_exported; activation_held,"REVIEW ONLY — NOT ACTIVATED. Technical claims, destination/form/tracking, audience, owner and human release approval remain required. Source URLs are unverified; no publishing or send authority.",source_provided_unverified,ab18ee68c133e612f5ec213e1d1494795d72f58f61c760e54a0f5a14ce241846,1080,1350,
environmental-m2m-one-02,LinkedIn document slide — M2M One,downloads/publishing-kit/carousels/environmental/m2m-one/environmental-02.png,carousels/environmental/m2m-one/environmental-02.png,False,841880,888e09f01401f82c2f5678311209525f2f7e197cae94fe55c6bd128332d34036,assets/carousels/m2m-one/environmental-02.webp,CAMPAIGN.carousels[id=environmental].slides[1],file_exported; activation_held,"REVIEW ONLY — NOT ACTIVATED. Technical claims, destination/form/tracking, audience, owner and human release approval remain required. Source URLs are unverified; no publishing or send authority.",source_provided_unverified,f3d0500722dd155460fec7ba288e5e3cc3d387fd128758d3f851efbadd056739,1080,1350,
environmental-m2m-one-03,LinkedIn document slide — M2M One,downloads/publishing-kit/carousels/environmental/m2m-one/environmental-03.png,carousels/environmental/m2m-one/environmental-03.png,False,972497,cdda17a5b04cc4aa5154fe1b7fdb5c8df7b41df7d1241a3fa4c9024e2cf20f30,assets/carousels/m2m-one/environmental-03.webp,CAMPAIGN.carousels[id=environmental].slides[2],file_exported; activation_held,"REVIEW ONLY — NOT ACTIVATED. Technical claims, destination/form/tracking, audience, owner and human release approval remain required. Source URLs are unverified; no publishing or send authority.",source_provided_unverified,d35284ba68a16dad7fbb89ce4fe636902e493f852a90a816fb6c9cc276a4ae74,1080,1350,
environmental-m2m-one-04,LinkedIn document slide — M2M One,downloads/publishing-kit/carousels/environmental/m2m-one/environmental-04.png,carousels/environmental/m2m-one/environmental-04.png,False,838435,a238cc31b13ad8c39f684a696f36aa9faba9c2a0091526aaa87a120341c09de8,assets/carousels/m2m-one/environmental-04.webp,CAMPAIGN.carousels[id=environmental].slides[3],file_exported; activation_held,"REVIEW ONLY — NOT ACTIVATED. Technical claims, destination/form/tracking, audience, owner and human release approval remain required. Source URLs are unverified; no publishing or send authority.",source_provided_unverified,209ab507d53f583a539fe30aaf063b2a7436e62aaf24b5e541b153078e6bed2f,1080,1350,
environmental-m2m-one-05,LinkedIn document slide — M2M One,downloads/publishing-kit/carousels/environmental/m2m-one/environmental-05.png,carousels/environmental/m2m-one/environmental-05.png,False,1194281,2b09e97fc0a4ad701824aa5cc75fca4cd08a43514aa9e74f7caff1892abbd4e8,assets/carousels/m2m-one/environmental-05.webp,CAMPAIGN.carousels[id=environmental].slides[4],file_exported; activation_held,"REVIEW ONLY — NOT ACTIVATED. Technical claims, destination/form/tracking, audience, owner and human release approval remain required. Source URLs are unverified; no publishing or send authority.",source_provided_unverified,9eb85354ac5c645664dd35224f6709056adb4cee02dcae07a497290c5a1a4e45,1080,1350,
environmental-m2m-one,LinkedIn document PDF — M2M One,downloads/environmental-m2m-one-linkedin-document.pdf,,True,2375405,5bb142aa9807cd52bbdd885b0b4a55e5e746e61d1ed733d70e9952f36b37e3eb,,CAMPAIGN.carousels[id=environmental],file_exported; activation_held,"REVIEW ONLY — NOT ACTIVATED. Technical claims, destination/form/tracking, audience, owner and human release approval remain required. Source URLs are unverified; no publishing or send authority.",source_provided_unverified,,,,5
environmental-m2m-one,LinkedIn document PDF — M2M One,downloads/publishing-kit/carousels/environmental/m2m-one/environmental-m2m-one-linkedin-document.pdf,carousels/environmental/m2m-one/environmental-m2m-one-linkedin-document.pdf,False,2375405,5bb142aa9807cd52bbdd885b0b4a55e5e746e61d1ed733d70e9952f36b37e3eb,downloads/environmental-m2m-one-linkedin-document.pdf,,file_exported; activation_held,"REVIEW ONLY — NOT ACTIVATED. Technical claims, destination/form/tracking, audience, owner and human release approval remain required. Source URLs are unverified; no publishing or send authority.",source_provided_unverified,5bb142aa9807cd52bbdd885b0b4a55e5e746e61d1ed733d70e9952f36b37e3eb,,,5
environmental-m2m-one,instructions,downloads/publishing-kit/carousels/environmental/m2m-one/BRAND-VERSION.txt,carousels/environmental/m2m-one/BRAND-VERSION.txt,False,360,ebe1d3c8e4f99979a3fbfaedba5f2c7119746e0895dcd8890d0d59e74f9c6c47,campaign-data.js,,file_exported; activation_held,"REVIEW ONLY — NOT ACTIVATED. Technical claims, destination/form/tracking, audience, owner and human release approval remain required. Source URLs are unverified; no publishing or send authority.",source_provided_unverified,3e4fe0cb7bd76e0959ceb2683f2d8c8e36a9fdff743e6d9b5fcbe0b3c50dca8b,,,
environmental-m2m-one,LinkedIn document caption,downloads/publishing-kit/carousels/environmental/m2m-one/caption.txt,carousels/environmental/m2m-one/caption.txt,False,702,8997c49cb61095ba1ec02615f5750d044281fb7d33644fae702df3c7e6716a7b,campaign-data.js,CAMPAIGN.weeks[id=w06].caption,file_exported; activation_held,"REVIEW ONLY — NOT ACTIVATED. Technical claims, destination/form/tracking, audience, owner and human release approval remain required. Source URLs are unverified; no publishing or send authority.",source_provided_unverified,3e4fe0cb7bd76e0959ceb2683f2d8c8e36a9fdff743e6d9b5fcbe0b3c50dca8b,,,
environmental-m2m-one,complete source copy,downloads/publishing-kit/carousels/environmental/m2m-one/source-copy.json,carousels/environmental/m2m-one/source-copy.json,False,2036,ee0d9f4c2ee70062bd56cae8928e47951f886e3177f64909651df02a03ced84c,campaign-data.js,CAMPAIGN.carousels[id=environmental],file_exported; activation_held,"REVIEW ONLY — NOT ACTIVATED. Technical claims, destination/form/tracking, audience, owner and human release approval remain required. Source URLs are unverified; no publishing or send authority.",source_provided_unverified,3e4fe0cb7bd76e0959ceb2683f2d8c8e36a9fdff743e6d9b5fcbe0b3c50dca8b,,,
environmental-m2m-one,instructions,downloads/publishing-kit/carousels/environmental/m2m-one/README.txt,carousels/environmental/m2m-one/README.txt,False,924,c59ea0710cd90eef38bdb547eb96ddb65c6908f8c4a14d397e5b25e8709cfe36,campaign-data.js,,file_exported; activation_held,"REVIEW ONLY — NOT ACTIVATED. Technical claims, destination/form/tracking, audience, owner and human release approval remain required. Source URLs are unverified; no publishing or send authority.",source_provided_unverified,3e4fe0cb7bd76e0959ceb2683f2d8c8e36a9fdff743e6d9b5fcbe0b3c50dca8b,,,
remote-equipment-01,LinkedIn document slide — M2M Connectivity,downloads/publishing-kit/carousels/remote-equipment/remote-equipment-01.png,carousels/remote-equipment/remote-equipment-01.png,False,753531,bf191ba355c86649c1d4d2aa04dfef3c1d487c5e0c87b40db8ac2b70f6bc3e1a,assets/carousels/remote-equipment-01.webp,CAMPAIGN.carousels[id=remote-equipment].slides[0],file_exported; activation_held,"REVIEW ONLY — NOT ACTIVATED. Technical claims, destination/form/tracking, audience, owner and human release approval remain required. Source URLs are unverified; no publishing or send authority.",source_provided_unverified,426ffa9085a7600549f49c19f0e506b870cdad889c3627418bb495c91a641c05,1080,1350,
remote-equipment-02,LinkedIn document slide — M2M Connectivity,downloads/publishing-kit/carousels/remote-equipment/remote-equipment-02.png,carousels/remote-equipment/remote-equipment-02.png,False,562874,b9b2aaa7b71957aacae867c73918529b1771793a328cfd9586123fd062f80e08,assets/carousels/remote-equipment-02.webp,CAMPAIGN.carousels[id=remote-equipment].slides[1],file_exported; activation_held,"REVIEW ONLY — NOT ACTIVATED. Technical claims, destination/form/tracking, audience, owner and human release approval remain required. Source URLs are unverified; no publishing or send authority.",source_provided_unverified,644276949241621bdf5c8f59d3df127ae4ca9186edc4d8dda684a1a372a6e00e,1080,1350,
remote-equipment-03,LinkedIn document slide — M2M Connectivity,downloads/publishing-kit/carousels/remote-equipment/remote-equipment-03.png,carousels/remote-equipment/remote-equipment-03.png,False,735186,a6efc922de8297b28f5060623000599d8751e78a879650fdf26762e2366d9bcc,assets/carousels/remote-equipment-03.webp,CAMPAIGN.carousels[id=remote-equipment].slides[2],file_exported; activation_held,"REVIEW ONLY — NOT ACTIVATED. Technical claims, destination/form/tracking, audience, owner and human release approval remain required. Source URLs are unverified; no publishing or send authority.",source_provided_unverified,7f855085c3fca50d23338820de97b290ad0185cc49a979c2bedc18ed18464693,1080,1350,
remote-equipment-04,LinkedIn document slide — M2M Connectivity,downloads/publishing-kit/carousels/remote-equipment/remote-equipment-04.png,carousels/remote-equipment/remote-equipment-04.png,False,640763,3e7bf3639ea507718ce3c2a46aecc2191fc589bbd72e2fd06a541973182cd472,assets/carousels/remote-equipment-04.webp,CAMPAIGN.carousels[id=remote-equipment].slides[3],file_exported; activation_held,"REVIEW ONLY — NOT ACTIVATED. Technical claims, destination/form/tracking, audience, owner and human release approval remain required. Source URLs are unverified; no publishing or send authority.",source_provided_unverified,95cc9152b000d98b4d4640201a2db81c79378c4f19f4588cdae9042c5684d09d,1080,1350,
remote-equipment-05,LinkedIn document slide — M2M Connectivity,downloads/publishing-kit/carousels/remote-equipment/remote-equipment-05.png,carousels/remote-equipment/remote-equipment-05.png,False,859151,9370c6c7409238a8f5fb44de37705d301ba0c2ed98f22392568180e2b2ff3e67,assets/carousels/remote-equipment-05.webp,CAMPAIGN.carousels[id=remote-equipment].slides[4],file_exported; activation_held,"REVIEW ONLY — NOT ACTIVATED. Technical claims, destination/form/tracking, audience, owner and human release approval remain required. Source URLs are unverified; no publishing or send authority.",source_provided_unverified,7fb1da20fcde346ff2b3b4ce97808b92d26ac750a12efddf392432c108b9bf90,1080,1350,
remote-equipment,LinkedIn document PDF — M2M Connectivity,downloads/remote-equipment-linkedin-document.pdf,,True,1868764,2156d986fc1299843aa3bc3c6670e3204555129471df6fc9a0610feeb81f0416,,CAMPAIGN.carousels[id=remote-equipment],file_exported; activation_held,"REVIEW ONLY — NOT ACTIVATED. Technical claims, destination/form/tracking, audience, owner and human release approval remain required. Source URLs are unverified; no publishing or send authority.",source_provided_unverified,,,,5
remote-equipment,LinkedIn document PDF — M2M Connectivity,downloads/publishing-kit/carousels/remote-equipment/remote-equipment-linkedin-document.pdf,carousels/remote-equipment/remote-equipment-linkedin-document.pdf,False,1868764,2156d986fc1299843aa3bc3c6670e3204555129471df6fc9a0610feeb81f0416,downloads/remote-equipment-linkedin-document.pdf,,file_exported; activation_held,"REVIEW ONLY — NOT ACTIVATED. Technical claims, destination/form/tracking, audience, owner and human release approval remain required. Source URLs are unverified; no publishing or send authority.",source_provided_unverified,2156d986fc1299843aa3bc3c6670e3204555129471df6fc9a0610feeb81f0416,,,5
remote-equipment,instructions,downloads/publishing-kit/carousels/remote-equipment/BRAND-VERSION.txt,carousels/remote-equipment/BRAND-VERSION.txt,False,369,2d1cd4b9b6b7ac6b28a546a9acedc5634c411a67e8ba2c1021d702f27b4258ed,campaign-data.js,,file_exported; activation_held,"REVIEW ONLY — NOT ACTIVATED. Technical claims, destination/form/tracking, audience, owner and human release approval remain required. Source URLs are unverified; no publishing or send authority.",source_provided_unverified,3e4fe0cb7bd76e0959ceb2683f2d8c8e36a9fdff743e6d9b5fcbe0b3c50dca8b,,,
remote-equipment,LinkedIn document caption,downloads/publishing-kit/carousels/remote-equipment/caption.txt,carousels/remote-equipment/caption.txt,False,620,f7ff07b39a783c9b399203f36b436898d23c6fd3d94cbae8f90aa189007516b5,campaign-data.js,CAMPAIGN.weeks[id=w07].caption,file_exported; activation_held,"REVIEW ONLY — NOT ACTIVATED. Technical claims, destination/form/tracking, audience, owner and human release approval remain required. Source URLs are unverified; no publishing or send authority.",source_provided_unverified,3e4fe0cb7bd76e0959ceb2683f2d8c8e36a9fdff743e6d9b5fcbe0b3c50dca8b,,,
remote-equipment,complete source copy,downloads/publishing-kit/carousels/remote-equipment/source-copy.json,carousels/remote-equipment/source-copy.json,False,2004,8a1db77f37bc1b2c14ed6d7d20ce0ee1d1e149bf01e48bba1c04ba4a0a85dec3,campaign-data.js,CAMPAIGN.carousels[id=remote-equipment],file_exported; activation_held,"REVIEW ONLY — NOT ACTIVATED. Technical claims, destination/form/tracking, audience, owner and human release approval remain required. Source URLs are unverified; no publishing or send authority.",source_provided_unverified,3e4fe0cb7bd76e0959ceb2683f2d8c8e36a9fdff743e6d9b5fcbe0b3c50dca8b,,,
remote-equipment,instructions,downloads/publishing-kit/carousels/remote-equipment/README.txt,carousels/remote-equipment/README.txt,False,949,4440ba48fde5087db88848526a5d9c3e80da0639a4ac607bec979f2963632521,campaign-data.js,,file_exported; activation_held,"REVIEW ONLY — NOT ACTIVATED. Technical claims, destination/form/tracking, audience, owner and human release approval remain required. Source URLs are unverified; no publishing or send authority.",source_provided_unverified,3e4fe0cb7bd76e0959ceb2683f2d8c8e36a9fdff743e6d9b5fcbe0b3c50dca8b,,,
remote-equipment-m2m-one-01,LinkedIn document slide — M2M One,downloads/publishing-kit/carousels/remote-equipment/m2m-one/remote-equipment-01.png,carousels/remote-equipment/m2m-one/remote-equipment-01.png,False,755271,b968d141b0778b0256c91ed16d7b758b321ca59b6f8d9f6615e102f44530dc62,assets/carousels/m2m-one/remote-equipment-01.webp,CAMPAIGN.carousels[id=remote-equipment].slides[0],file_exported; activation_held,"REVIEW ONLY — NOT ACTIVATED. Technical claims, destination/form/tracking, audience, owner and human release approval remain required. Source URLs are unverified; no publishing or send authority.",source_provided_unverified,4d4f3fbedc17ea498d96881c181599a75cc091bb469d19f9638d1979e83b0725,1080,1350,
remote-equipment-m2m-one-02,LinkedIn document slide — M2M One,downloads/publishing-kit/carousels/remote-equipment/m2m-one/remote-equipment-02.png,carousels/remote-equipment/m2m-one/remote-equipment-02.png,False,563359,4a6560ae0b6ad5e6c84a4b3a4ba8516cc70645433fb99e7f605f3e0c593e86b7,assets/carousels/m2m-one/remote-equipment-02.webp,CAMPAIGN.carousels[id=remote-equipment].slides[1],file_exported; activation_held,"REVIEW ONLY — NOT ACTIVATED. Technical claims, destination/form/tracking, audience, owner and human release approval remain required. Source URLs are unverified; no publishing or send authority.",source_provided_unverified,9a382a382585631228a4199da79f85de455627a4aaba273789b9bdbd035041bc,1080,1350,
remote-equipment-m2m-one-03,LinkedIn document slide — M2M One,downloads/publishing-kit/carousels/remote-equipment/m2m-one/remote-equipment-03.png,carousels/remote-equipment/m2m-one/remote-equipment-03.png,False,745363,222913d4d86df48f3f56e3f375606d5d6aa8577c794ea05e928e1a5192409e07,assets/carousels/m2m-one/remote-equipment-03.webp,CAMPAIGN.carousels[id=remote-equipment].slides[2],file_exported; activation_held,"REVIEW ONLY — NOT ACTIVATED. Technical claims, destination/form/tracking, audience, owner and human release approval remain required. Source URLs are unverified; no publishing or send authority.",source_provided_unverified,d80303bed3308d0a079becc9015afc607ec5f99f9702e252dae2dae250ce153c,1080,1350,
remote-equipment-m2m-one-04,LinkedIn document slide — M2M One,downloads/publishing-kit/carousels/remote-equipment/m2m-one/remote-equipment-04.png,carousels/remote-equipment/m2m-one/remote-equipment-04.png,False,643795,36ef88bcea1b2b0ffe0a3599decef8c9add457839e27382df121ec7a043d489c,assets/carousels/m2m-one/remote-equipment-04.webp,CAMPAIGN.carousels[id=remote-equipment].slides[3],file_exported; activation_held,"REVIEW ONLY — NOT ACTIVATED. Technical claims, destination/form/tracking, audience, owner and human release approval remain required. Source URLs are unverified; no publishing or send authority.",source_provided_unverified,3daa1b8234f1a829d97c1476f50d963e3bd8e7eb2b17241c328501f9afcd77f8,1080,1350,
remote-equipment-m2m-one-05,LinkedIn document slide — M2M One,downloads/publishing-kit/carousels/remote-equipment/m2m-one/remote-equipment-05.png,carousels/remote-equipment/m2m-one/remote-equipment-05.png,False,865561,bb94ca9af808662f15cddf9da76213ae58df4524132fc52d80c88a0c8a61ca0b,assets/carousels/m2m-one/remote-equipment-05.webp,CAMPAIGN.carousels[id=remote-equipment].slides[4],file_exported; activation_held,"REVIEW ONLY — NOT ACTIVATED. Technical claims, destination/form/tracking, audience, owner and human release approval remain required. Source URLs are unverified; no publishing or send authority.",source_provided_unverified,dc016254b4080841a902fcc28de9a96559e08193dd3ad13d69a6abcaaec056d4,1080,1350,
remote-equipment-m2m-one,LinkedIn document PDF — M2M One,downloads/remote-equipment-m2m-one-linkedin-document.pdf,,True,1872765,8bf2d90f10dadf466c24f3a82bf9802984aa246a105dcaf999a1a134a7e134c4,,CAMPAIGN.carousels[id=remote-equipment],file_exported; activation_held,"REVIEW ONLY — NOT ACTIVATED. Technical claims, destination/form/tracking, audience, owner and human release approval remain required. Source URLs are unverified; no publishing or send authority.",source_provided_unverified,,,,5
remote-equipment-m2m-one,LinkedIn document PDF — M2M One,downloads/publishing-kit/carousels/remote-equipment/m2m-one/remote-equipment-m2m-one-linkedin-document.pdf,carousels/remote-equipment/m2m-one/remote-equipment-m2m-one-linkedin-document.pdf,False,1872765,8bf2d90f10dadf466c24f3a82bf9802984aa246a105dcaf999a1a134a7e134c4,downloads/remote-equipment-m2m-one-linkedin-document.pdf,,file_exported; activation_held,"REVIEW ONLY — NOT ACTIVATED. Technical claims, destination/form/tracking, audience, owner and human release approval remain required. Source URLs are unverified; no publishing or send authority.",source_provided_unverified,8bf2d90f10dadf466c24f3a82bf9802984aa246a105dcaf999a1a134a7e134c4,,,5
remote-equipment-m2m-one,instructions,downloads/publishing-kit/carousels/remote-equipment/m2m-one/BRAND-VERSION.txt,carousels/remote-equipment/m2m-one/BRAND-VERSION.txt,False,360,ebe1d3c8e4f99979a3fbfaedba5f2c7119746e0895dcd8890d0d59e74f9c6c47,campaign-data.js,,file_exported; activation_held,"REVIEW ONLY — NOT ACTIVATED. Technical claims, destination/form/tracking, audience, owner and human release approval remain required. Source URLs are unverified; no publishing or send authority.",source_provided_unverified,3e4fe0cb7bd76e0959ceb2683f2d8c8e36a9fdff743e6d9b5fcbe0b3c50dca8b,,,
remote-equipment-m2m-one,LinkedIn document caption,downloads/publishing-kit/carousels/remote-equipment/m2m-one/caption.txt,carousels/remote-equipment/m2m-one/caption.txt,False,620,f7ff07b39a783c9b399203f36b436898d23c6fd3d94cbae8f90aa189007516b5,campaign-data.js,CAMPAIGN.weeks[id=w07].caption,file_exported; activation_held,"REVIEW ONLY — NOT ACTIVATED. Technical claims, destination/form/tracking, audience, owner and human release approval remain required. Source URLs are unverified; no publishing or send authority.",source_provided_unverified,3e4fe0cb7bd76e0959ceb2683f2d8c8e36a9fdff743e6d9b5fcbe0b3c50dca8b,,,
remote-equipment-m2m-one,complete source copy,downloads/publishing-kit/carousels/remote-equipment/m2m-one/source-copy.json,carousels/remote-equipment/m2m-one/source-copy.json,False,2004,8a1db77f37bc1b2c14ed6d7d20ce0ee1d1e149bf01e48bba1c04ba4a0a85dec3,campaign-data.js,CAMPAIGN.carousels[id=remote-equipment],file_exported; activation_held,"REVIEW ONLY — NOT ACTIVATED. Technical claims, destination/form/tracking, audience, owner and human release approval remain required. Source URLs are unverified; no publishing or send authority.",source_provided_unverified,3e4fe0cb7bd76e0959ceb2683f2d8c8e36a9fdff743e6d9b5fcbe0b3c50dca8b,,,
remote-equipment-m2m-one,instructions,downloads/publishing-kit/carousels/remote-equipment/m2m-one/README.txt,carousels/remote-equipment/m2m-one/README.txt,False,922,b80af900d7a5dc2e3855729dd36e8a46742321f6817820d29d5f1a1ae3ada064,campaign-data.js,,file_exported; activation_held,"REVIEW ONLY — NOT ACTIVATED. Technical claims, destination/form/tracking, audience, owner and human release approval remain required. Source URLs are unverified; no publishing or send authority.",source_provided_unverified,3e4fe0cb7bd76e0959ceb2683f2d8c8e36a9fdff743e6d9b5fcbe0b3c50dca8b,,,
field-safety-01,LinkedIn document slide — M2M Connectivity,downloads/publishing-kit/carousels/field-safety/field-safety-01.png,carousels/field-safety/field-safety-01.png,False,710505,6a1ff0ea46b9cb885581436c643440f1cfab0f207329118235c9f1606cbd8339,assets/carousels/field-safety-01.webp,CAMPAIGN.carousels[id=field-safety].slides[0],file_exported; activation_held,"REVIEW ONLY — NOT ACTIVATED. Technical claims, destination/form/tracking, audience, owner and human release approval remain required. Source URLs are unverified; no publishing or send authority.",source_provided_unverified,e8eb435434bbf16554bb098b79eb682aceb4ee22c134164d587a73f653bc433b,1080,1350,
field-safety-02,LinkedIn document slide — M2M Connectivity,downloads/publishing-kit/carousels/field-safety/field-safety-02.png,carousels/field-safety/field-safety-02.png,False,700561,da01d30f81fd7bfb63b5cfc5dd9dd7cffc34d6c75b98cfd7fec4f563ce5578fe,assets/carousels/field-safety-02.webp,CAMPAIGN.carousels[id=field-safety].slides[1],file_exported; activation_held,"REVIEW ONLY — NOT ACTIVATED. Technical claims, destination/form/tracking, audience, owner and human release approval remain required. Source URLs are unverified; no publishing or send authority.",source_provided_unverified,ff8136ce7fdb2d2dd728dca0fffd69b89a91fae644e8153fd567eeeeb5207d53,1080,1350,
field-safety-03,LinkedIn document slide — M2M Connectivity,downloads/publishing-kit/carousels/field-safety/field-safety-03.png,carousels/field-safety/field-safety-03.png,False,667230,bd2b2ac0a28e979066b77a4963e3ad1d10a3f95e7452c0887b30afaaa43885dd,assets/carousels/field-safety-03.webp,CAMPAIGN.carousels[id=field-safety].slides[2],file_exported; activation_held,"REVIEW ONLY — NOT ACTIVATED. Technical claims, destination/form/tracking, audience, owner and human release approval remain required. Source URLs are unverified; no publishing or send authority.",source_provided_unverified,50a423de64167ec25f1c54b6f51d95a192fa374e8f2ffebbb680ec2abfe7048c,1080,1350,
field-safety-04,LinkedIn document slide — M2M Connectivity,downloads/publishing-kit/carousels/field-safety/field-safety-04.png,carousels/field-safety/field-safety-04.png,False,788275,794b8cf972168f2c24ecb89600d0ab92ba182da6cc9a6512279276e196206afc,assets/carousels/field-safety-04.webp,CAMPAIGN.carousels[id=field-safety].slides[3],file_exported; activation_held,"REVIEW ONLY — NOT ACTIVATED. Technical claims, destination/form/tracking, audience, owner and human release approval remain required. Source URLs are unverified; no publishing or send authority.",source_provided_unverified,852c1298361a2c10acac951da181dcc0841f51441825396cd5fb8b11e464f42a,1080,1350,
field-safety-05,LinkedIn document slide — M2M Connectivity,downloads/publishing-kit/carousels/field-safety/field-safety-05.png,carousels/field-safety/field-safety-05.png,False,998986,e1a921fb1bf56eed41ae95665736afaec68a920eeb25f526dc9ebef0a6b21801,assets/carousels/field-safety-05.webp,CAMPAIGN.carousels[id=field-safety].slides[4],file_exported; activation_held,"REVIEW ONLY — NOT ACTIVATED. Technical claims, destination/form/tracking, audience, owner and human release approval remain required. Source URLs are unverified; no publishing or send authority.",source_provided_unverified,dbc3250f166ffefe2b9e3a6b5e42b32f47a8550f279be1edb2296260734b167a,1080,1350,
field-safety,LinkedIn document PDF — M2M Connectivity,downloads/field-safety-linkedin-document.pdf,,True,1984880,5a7837ee3a7af7b2e2136de42242f661e8cb194b7e3dd5caa5db4d4c4a928b80,,CAMPAIGN.carousels[id=field-safety],file_exported; activation_held,"REVIEW ONLY — NOT ACTIVATED. Technical claims, destination/form/tracking, audience, owner and human release approval remain required. Source URLs are unverified; no publishing or send authority.",source_provided_unverified,,,,5
field-safety,LinkedIn document PDF — M2M Connectivity,downloads/publishing-kit/carousels/field-safety/field-safety-linkedin-document.pdf,carousels/field-safety/field-safety-linkedin-document.pdf,False,1984880,5a7837ee3a7af7b2e2136de42242f661e8cb194b7e3dd5caa5db4d4c4a928b80,downloads/field-safety-linkedin-document.pdf,,file_exported; activation_held,"REVIEW ONLY — NOT ACTIVATED. Technical claims, destination/form/tracking, audience, owner and human release approval remain required. Source URLs are unverified; no publishing or send authority.",source_provided_unverified,5a7837ee3a7af7b2e2136de42242f661e8cb194b7e3dd5caa5db4d4c4a928b80,,,5
field-safety,instructions,downloads/publishing-kit/carousels/field-safety/BRAND-VERSION.txt,carousels/field-safety/BRAND-VERSION.txt,False,369,2d1cd4b9b6b7ac6b28a546a9acedc5634c411a67e8ba2c1021d702f27b4258ed,campaign-data.js,,file_exported; activation_held,"REVIEW ONLY — NOT ACTIVATED. Technical claims, destination/form/tracking, audience, owner and human release approval remain required. Source URLs are unverified; no publishing or send authority.",source_provided_unverified,3e4fe0cb7bd76e0959ceb2683f2d8c8e36a9fdff743e6d9b5fcbe0b3c50dca8b,,,
field-safety,LinkedIn document caption,downloads/publishing-kit/carousels/field-safety/caption.txt,carousels/field-safety/caption.txt,False,664,db964bc20a298282dddf7ded9ef1c46ee669dd9ddae1b9a78f1001fae15fbf41,campaign-data.js,CAMPAIGN.weeks[id=w08].caption,file_exported; activation_held,"REVIEW ONLY — NOT ACTIVATED. Technical claims, destination/form/tracking, audience, owner and human release approval remain required. Source URLs are unverified; no publishing or send authority.",source_provided_unverified,3e4fe0cb7bd76e0959ceb2683f2d8c8e36a9fdff743e6d9b5fcbe0b3c50dca8b,,,
field-safety,complete source copy,downloads/publishing-kit/carousels/field-safety/source-copy.json,carousels/field-safety/source-copy.json,False,1981,fda86b80d6c65cc349511d87cb9da6e9f3b9a35cfc49293b045ecb33c899a98a,campaign-data.js,CAMPAIGN.carousels[id=field-safety],file_exported; activation_held,"REVIEW ONLY — NOT ACTIVATED. Technical claims, destination/form/tracking, audience, owner and human release approval remain required. Source URLs are unverified; no publishing or send authority.",source_provided_unverified,3e4fe0cb7bd76e0959ceb2683f2d8c8e36a9fdff743e6d9b5fcbe0b3c50dca8b,,,
field-safety,instructions,downloads/publishing-kit/carousels/field-safety/README.txt,carousels/field-safety/README.txt,False,944,052fcaf64f267b0a2e6db4fb4882c101d12766f6095e7bc5df4d84fa07e62788,campaign-data.js,,file_exported; activation_held,"REVIEW ONLY — NOT ACTIVATED. Technical claims, destination/form/tracking, audience, owner and human release approval remain required. Source URLs are unverified; no publishing or send authority.",source_provided_unverified,3e4fe0cb7bd76e0959ceb2683f2d8c8e36a9fdff743e6d9b5fcbe0b3c50dca8b,,,
field-safety-m2m-one-01,LinkedIn document slide — M2M One,downloads/publishing-kit/carousels/field-safety/m2m-one/field-safety-01.png,carousels/field-safety/m2m-one/field-safety-01.png,False,723317,c60a3cc8352ce9625a317fa3d724ad3a402830fcf8b91b98799226172ee805a7,assets/carousels/m2m-one/field-safety-01.webp,CAMPAIGN.carousels[id=field-safety].slides[0],file_exported; activation_held,"REVIEW ONLY — NOT ACTIVATED. Technical claims, destination/form/tracking, audience, owner and human release approval remain required. Source URLs are unverified; no publishing or send authority.",source_provided_unverified,42031af1a568e5ec95f5c4441f9d7a8671a450e73cbb3f77fd3abb9ca675ec42,1080,1350,
field-safety-m2m-one-02,LinkedIn document slide — M2M One,downloads/publishing-kit/carousels/field-safety/m2m-one/field-safety-02.png,carousels/field-safety/m2m-one/field-safety-02.png,False,707256,6795edff0048cee767128ca277ec85358103286a82df35bc7612c5999ea2a0e8,assets/carousels/m2m-one/field-safety-02.webp,CAMPAIGN.carousels[id=field-safety].slides[1],file_exported; activation_held,"REVIEW ONLY — NOT ACTIVATED. Technical claims, destination/form/tracking, audience, owner and human release approval remain required. Source URLs are unverified; no publishing or send authority.",source_provided_unverified,4f9e375eac7e2c3b6678dc0618d182b0d4d625d7fc10fb7fc0a13a51e08f2531,1080,1350,
field-safety-m2m-one-03,LinkedIn document slide — M2M One,downloads/publishing-kit/carousels/field-safety/m2m-one/field-safety-03.png,carousels/field-safety/m2m-one/field-safety-03.png,False,678153,64152900e928c3ebd95d8fe6a75a47d16d4f043dffe0a476eab45e7c30324432,assets/carousels/m2m-one/field-safety-03.webp,CAMPAIGN.carousels[id=field-safety].slides[2],file_exported; activation_held,"REVIEW ONLY — NOT ACTIVATED. Technical claims, destination/form/tracking, audience, owner and human release approval remain required. Source URLs are unverified; no publishing or send authority.",source_provided_unverified,bd1a02746cb6ec924145aa53309fbefd2616be6bdb6cbf1284757dfa06b53e57,1080,1350,
field-safety-m2m-one-04,LinkedIn document slide — M2M One,downloads/publishing-kit/carousels/field-safety/m2m-one/field-safety-04.png,carousels/field-safety/m2m-one/field-safety-04.png,False,793583,81524429fbe5310b5608d257eafd54bcae9ffbfcc4a0312a6023247f735ae1d8,assets/carousels/m2m-one/field-safety-04.webp,CAMPAIGN.carousels[id=field-safety].slides[3],file_exported; activation_held,"REVIEW ONLY — NOT ACTIVATED. Technical claims, destination/form/tracking, audience, owner and human release approval remain required. Source URLs are unverified; no publishing or send authority.",source_provided_unverified,08e22f46e63404a75d400845e2ab34e9eee984cbd8d865af99273bc49ded6756,1080,1350,
field-safety-m2m-one-05,LinkedIn document slide — M2M One,downloads/publishing-kit/carousels/field-safety/m2m-one/field-safety-05.png,carousels/field-safety/m2m-one/field-safety-05.png,False,1006048,49053b25bfe44b32ad229592c2821ba11fa733bcf9a3784b3604361570c6c034,assets/carousels/m2m-one/field-safety-05.webp,CAMPAIGN.carousels[id=field-safety].slides[4],file_exported; activation_held,"REVIEW ONLY — NOT ACTIVATED. Technical claims, destination/form/tracking, audience, owner and human release approval remain required. Source URLs are unverified; no publishing or send authority.",source_provided_unverified,0f429bf91106785c30a0646e9edcde133c33e443a2e0eca17a7a31a9b0b6c87d,1080,1350,
field-safety-m2m-one,LinkedIn document PDF — M2M One,downloads/field-safety-m2m-one-linkedin-document.pdf,,True,2026120,ac468172090099b589559d94494dc79ecc6500c389cbce8ec66296e24e29ec6c,,CAMPAIGN.carousels[id=field-safety],file_exported; activation_held,"REVIEW ONLY — NOT ACTIVATED. Technical claims, destination/form/tracking, audience, owner and human release approval remain required. Source URLs are unverified; no publishing or send authority.",source_provided_unverified,,,,5
field-safety-m2m-one,LinkedIn document PDF — M2M One,downloads/publishing-kit/carousels/field-safety/m2m-one/field-safety-m2m-one-linkedin-document.pdf,carousels/field-safety/m2m-one/field-safety-m2m-one-linkedin-document.pdf,False,2026120,ac468172090099b589559d94494dc79ecc6500c389cbce8ec66296e24e29ec6c,downloads/field-safety-m2m-one-linkedin-document.pdf,,file_exported; activation_held,"REVIEW ONLY — NOT ACTIVATED. Technical claims, destination/form/tracking, audience, owner and human release approval remain required. Source URLs are unverified; no publishing or send authority.",source_provided_unverified,ac468172090099b589559d94494dc79ecc6500c389cbce8ec66296e24e29ec6c,,,5
field-safety-m2m-one,instructions,downloads/publishing-kit/carousels/field-safety/m2m-one/BRAND-VERSION.txt,carousels/field-safety/m2m-one/BRAND-VERSION.txt,False,360,ebe1d3c8e4f99979a3fbfaedba5f2c7119746e0895dcd8890d0d59e74f9c6c47,campaign-data.js,,file_exported; activation_held,"REVIEW ONLY — NOT ACTIVATED. Technical claims, destination/form/tracking, audience, owner and human release approval remain required. Source URLs are unverified; no publishing or send authority.",source_provided_unverified,3e4fe0cb7bd76e0959ceb2683f2d8c8e36a9fdff743e6d9b5fcbe0b3c50dca8b,,,
field-safety-m2m-one,LinkedIn document caption,downloads/publishing-kit/carousels/field-safety/m2m-one/caption.txt,carousels/field-safety/m2m-one/caption.txt,False,664,db964bc20a298282dddf7ded9ef1c46ee669dd9ddae1b9a78f1001fae15fbf41,campaign-data.js,CAMPAIGN.weeks[id=w08].caption,file_exported; activation_held,"REVIEW ONLY — NOT ACTIVATED. Technical claims, destination/form/tracking, audience, owner and human release approval remain required. Source URLs are unverified; no publishing or send authority.",source_provided_unverified,3e4fe0cb7bd76e0959ceb2683f2d8c8e36a9fdff743e6d9b5fcbe0b3c50dca8b,,,
field-safety-m2m-one,complete source copy,downloads/publishing-kit/carousels/field-safety/m2m-one/source-copy.json,carousels/field-safety/m2m-one/source-copy.json,False,1981,fda86b80d6c65cc349511d87cb9da6e9f3b9a35cfc49293b045ecb33c899a98a,campaign-data.js,CAMPAIGN.carousels[id=field-safety],file_exported; activation_held,"REVIEW ONLY — NOT ACTIVATED. Technical claims, destination/form/tracking, audience, owner and human release approval remain required. Source URLs are unverified; no publishing or send authority.",source_provided_unverified,3e4fe0cb7bd76e0959ceb2683f2d8c8e36a9fdff743e6d9b5fcbe0b3c50dca8b,,,
field-safety-m2m-one,instructions,downloads/publishing-kit/carousels/field-safety/m2m-one/README.txt,carousels/field-safety/m2m-one/README.txt,False,917,b3aa7f6e08f64f793700a7beb5d43fa31f7d83b74bedd36613b9e25be5948540,campaign-data.js,,file_exported; activation_held,"REVIEW ONLY — NOT ACTIVATED. Technical claims, destination/form/tracking, audience, owner and human release approval remain required. Source URLs are unverified; no publishing or send authority.",source_provided_unverified,3e4fe0cb7bd76e0959ceb2683f2d8c8e36a9fdff743e6d9b5fcbe0b3c50dca8b,,,
e01,email copy,downloads/publishing-kit/emails/e01/email.txt,emails/e01/email.txt,False,847,31d549a2945eefb7edcc1ac446006f44102e163058d13f3f63d259cd4ce58908,campaign-data.js,CAMPAIGN.emails[id=e01],file_exported; activation_held,"REVIEW ONLY — NOT ACTIVATED. Technical claims, destination/form/tracking, audience, owner and human release approval remain required. Source URLs are unverified; no publishing or send authority.",source_provided_unverified,3e4fe0cb7bd76e0959ceb2683f2d8c8e36a9fdff743e6d9b5fcbe0b3c50dca8b,,,
e01,email subject,downloads/publishing-kit/emails/e01/subject.txt,emails/e01/subject.txt,False,37,7ea789cb16a567899f4b2940147d48ff67708e11bec7cd8feeb5b0dc9a863da2,campaign-data.js,CAMPAIGN.emails[id=e01].subject,file_exported; activation_held,"REVIEW ONLY — NOT ACTIVATED. Technical claims, destination/form/tracking, audience, owner and human release approval remain required. Source URLs are unverified; no publishing or send authority.",source_provided_unverified,3e4fe0cb7bd76e0959ceb2683f2d8c8e36a9fdff743e6d9b5fcbe0b3c50dca8b,,,
e01,email preheader,downloads/publishing-kit/emails/e01/preheader.txt,emails/e01/preheader.txt,False,61,e3a00e7244688c64b33df58c3b69736569557df42b83e81f48eaae64e8e8001b,campaign-data.js,CAMPAIGN.emails[id=e01].preheader,file_exported; activation_held,"REVIEW ONLY — NOT ACTIVATED. Technical claims, destination/form/tracking, audience, owner and human release approval remain required. Source URLs are unverified; no publishing or send authority.",source_provided_unverified,3e4fe0cb7bd76e0959ceb2683f2d8c8e36a9fdff743e6d9b5fcbe0b3c50dca8b,,,
e01,complete source copy,downloads/publishing-kit/emails/e01/source-copy.json,emails/e01/source-copy.json,False,1084,4d9c0e8c9014bfe783729487699bc46e8b1001db87709ec338a63e6a8e35b2ff,campaign-data.js,CAMPAIGN.emails[id=e01],file_exported; activation_held,"REVIEW ONLY — NOT ACTIVATED. Technical claims, destination/form/tracking, audience, owner and human release approval remain required. Source URLs are unverified; no publishing or send authority.",source_provided_unverified,3e4fe0cb7bd76e0959ceb2683f2d8c8e36a9fdff743e6d9b5fcbe0b3c50dca8b,,,
e01,email design screenshot,downloads/publishing-kit/emails/e01/e01-email-design.png,emails/e01/e01-email-design.png,False,553635,3ea8dd65a6a278fb37eeb21410bb29846b6f1418dd81319dc0c039aa99d999fd,assets/email/e01-email.webp,CAMPAIGN.emails[id=e01],file_exported; activation_held,"REVIEW ONLY — NOT ACTIVATED. Technical claims, destination/form/tracking, audience, owner and human release approval remain required. Source URLs are unverified; no publishing or send authority.",source_provided_unverified,56d3fd6d28ee54555866b6d2e16ba7558695143377e8ff2210c8ca78dcf848a9,1200,900,
e01,instructions,downloads/publishing-kit/emails/e01/README.txt,emails/e01/README.txt,False,767,fc5e4aff543d6e91bae2d7e5c67a77225735fb6c412e0cd81cb90a7a5d6e6fed,campaign-data.js,,file_exported; activation_held,"REVIEW ONLY — NOT ACTIVATED. Technical claims, destination/form/tracking, audience, owner and human release approval remain required. Source URLs are unverified; no publishing or send authority.",source_provided_unverified,3e4fe0cb7bd76e0959ceb2683f2d8c8e36a9fdff743e6d9b5fcbe0b3c50dca8b,,,
e02,email copy,downloads/publishing-kit/emails/e02/email.txt,emails/e02/email.txt,False,732,7166d1e815e7247850b1b92c80d31e8eb1af59804990ce1b6db876e05a5d89c2,campaign-data.js,CAMPAIGN.emails[id=e02],file_exported; activation_held,"REVIEW ONLY — NOT ACTIVATED. Technical claims, destination/form/tracking, audience, owner and human release approval remain required. Source URLs are unverified; no publishing or send authority.",source_provided_unverified,3e4fe0cb7bd76e0959ceb2683f2d8c8e36a9fdff743e6d9b5fcbe0b3c50dca8b,,,
e02,email subject,downloads/publishing-kit/emails/e02/subject.txt,emails/e02/subject.txt,False,39,4d043343cd6830078acd31e53836ee750e3c8332b942dac3e044e5bc5b4443d5,campaign-data.js,CAMPAIGN.emails[id=e02].subject,file_exported; activation_held,"REVIEW ONLY — NOT ACTIVATED. Technical claims, destination/form/tracking, audience, owner and human release approval remain required. Source URLs are unverified; no publishing or send authority.",source_provided_unverified,3e4fe0cb7bd76e0959ceb2683f2d8c8e36a9fdff743e6d9b5fcbe0b3c50dca8b,,,
e02,email preheader,downloads/publishing-kit/emails/e02/preheader.txt,emails/e02/preheader.txt,False,58,675b48dfc7657f521707a355dcd7e7cc6985da1333ac3a9c5538a956c73d1bd4,campaign-data.js,CAMPAIGN.emails[id=e02].preheader,file_exported; activation_held,"REVIEW ONLY — NOT ACTIVATED. Technical claims, destination/form/tracking, audience, owner and human release approval remain required. Source URLs are unverified; no publishing or send authority.",source_provided_unverified,3e4fe0cb7bd76e0959ceb2683f2d8c8e36a9fdff743e6d9b5fcbe0b3c50dca8b,,,
e02,complete source copy,downloads/publishing-kit/emails/e02/source-copy.json,emails/e02/source-copy.json,False,968,ad61ac55f5bccc5bbddf0603484a91bf740560f2dc5ccff165d6cf5efc3188ea,campaign-data.js,CAMPAIGN.emails[id=e02],file_exported; activation_held,"REVIEW ONLY — NOT ACTIVATED. Technical claims, destination/form/tracking, audience, owner and human release approval remain required. Source URLs are unverified; no publishing or send authority.",source_provided_unverified,3e4fe0cb7bd76e0959ceb2683f2d8c8e36a9fdff743e6d9b5fcbe0b3c50dca8b,,,
e02,email design screenshot,downloads/publishing-kit/emails/e02/e02-email-design.png,emails/e02/e02-email-design.png,False,639223,dcbac1e2299d6c8e8ae37a16f41d501a74e5305bacb78994ba1f6c080e1bdebf,assets/email/e02-email.webp,CAMPAIGN.emails[id=e02],file_exported; activation_held,"REVIEW ONLY — NOT ACTIVATED. Technical claims, destination/form/tracking, audience, owner and human release approval remain required. Source URLs are unverified; no publishing or send authority.",source_provided_unverified,6f47f63e75032966771b39596b367b1d7333b35f5e8068e6786141bc32a1a66b,1200,900,
e02,instructions,downloads/publishing-kit/emails/e02/README.txt,emails/e02/README.txt,False,766,62ca494e1179bb833c29b7260c62bfd240385065817f6ac531dd1e4e718c75d7,campaign-data.js,,file_exported; activation_held,"REVIEW ONLY — NOT ACTIVATED. Technical claims, destination/form/tracking, audience, owner and human release approval remain required. Source URLs are unverified; no publishing or send authority.",source_provided_unverified,3e4fe0cb7bd76e0959ceb2683f2d8c8e36a9fdff743e6d9b5fcbe0b3c50dca8b,,,
e03,email copy,downloads/publishing-kit/emails/e03/email.txt,emails/e03/email.txt,False,777,50f5563d106aa6f2297e5df263e3104ed1c6cc2550df651ad6907dd910127277,campaign-data.js,CAMPAIGN.emails[id=e03],file_exported; activation_held,"REVIEW ONLY — NOT ACTIVATED. Technical claims, destination/form/tracking, audience, owner and human release approval remain required. Source URLs are unverified; no publishing or send authority.",source_provided_unverified,3e4fe0cb7bd76e0959ceb2683f2d8c8e36a9fdff743e6d9b5fcbe0b3c50dca8b,,,
e03,email subject,downloads/publishing-kit/emails/e03/subject.txt,emails/e03/subject.txt,False,35,b887f8a27b360905e84d2ffaab463c529a6ad3872cc56defbb27f236f6b7ff0b,campaign-data.js,CAMPAIGN.emails[id=e03].subject,file_exported; activation_held,"REVIEW ONLY — NOT ACTIVATED. Technical claims, destination/form/tracking, audience, owner and human release approval remain required. Source URLs are unverified; no publishing or send authority.",source_provided_unverified,3e4fe0cb7bd76e0959ceb2683f2d8c8e36a9fdff743e6d9b5fcbe0b3c50dca8b,,,
e03,email preheader,downloads/publishing-kit/emails/e03/preheader.txt,emails/e03/preheader.txt,False,74,1147141ab0d1f35cf2bfbf24c1fbab195ca63186e7d3d612c3dd3f0c28353ab4,campaign-data.js,CAMPAIGN.emails[id=e03].preheader,file_exported; activation_held,"REVIEW ONLY — NOT ACTIVATED. Technical claims, destination/form/tracking, audience, owner and human release approval remain required. Source URLs are unverified; no publishing or send authority.",source_provided_unverified,3e4fe0cb7bd76e0959ceb2683f2d8c8e36a9fdff743e6d9b5fcbe0b3c50dca8b,,,
e03,complete source copy,downloads/publishing-kit/emails/e03/source-copy.json,emails/e03/source-copy.json,False,1002,d4088f999dbe1f97ac0de3acf4eaf207df4765fb628c7ab667092fb8aeb975e7,campaign-data.js,CAMPAIGN.emails[id=e03],file_exported; activation_held,"REVIEW ONLY — NOT ACTIVATED. Technical claims, destination/form/tracking, audience, owner and human release approval remain required. Source URLs are unverified; no publishing or send authority.",source_provided_unverified,3e4fe0cb7bd76e0959ceb2683f2d8c8e36a9fdff743e6d9b5fcbe0b3c50dca8b,,,
e03,email design screenshot,downloads/publishing-kit/emails/e03/e03-email-design.png,emails/e03/e03-email-design.png,False,759560,91796c7838b05b993c519c079086170a337f586bb73097003b5286fa0d37485a,assets/email/e03-email.webp,CAMPAIGN.emails[id=e03],file_exported; activation_held,"REVIEW ONLY — NOT ACTIVATED. Technical claims, destination/form/tracking, audience, owner and human release approval remain required. Source URLs are unverified; no publishing or send authority.",source_provided_unverified,62cf8441fd3d7323f3d1ee20e010899e316247bf8c1252600679bd7457ca2699,1200,900,
e03,instructions,downloads/publishing-kit/emails/e03/README.txt,emails/e03/README.txt,False,758,09f5e80be11ccb9ac9627781f801131b19e69e56d85bec5b46e2f0f4049a604a,campaign-data.js,,file_exported; activation_held,"REVIEW ONLY — NOT ACTIVATED. Technical claims, destination/form/tracking, audience, owner and human release approval remain required. Source URLs are unverified; no publishing or send authority.",source_provided_unverified,3e4fe0cb7bd76e0959ceb2683f2d8c8e36a9fdff743e6d9b5fcbe0b3c50dca8b,,,
e04,email copy,downloads/publishing-kit/emails/e04/email.txt,emails/e04/email.txt,False,788,130d92baa5033eca70841f68e74e039fa932def970bf3001545220d2c116c3dc,campaign-data.js,CAMPAIGN.emails[id=e04],file_exported; activation_held,"REVIEW ONLY — NOT ACTIVATED. Technical claims, destination/form/tracking, audience, owner and human release approval remain required. Source URLs are unverified; no publishing or send authority.",source_provided_unverified,3e4fe0cb7bd76e0959ceb2683f2d8c8e36a9fdff743e6d9b5fcbe0b3c50dca8b,,,
e04,email subject,downloads/publishing-kit/emails/e04/subject.txt,emails/e04/subject.txt,False,46,f837f2744dd8f63a8c672ac3ccd9f79c53185d3f26ea15024ef3d9bbab6e734b,campaign-data.js,CAMPAIGN.emails[id=e04].subject,file_exported; activation_held,"REVIEW ONLY — NOT ACTIVATED. Technical claims, destination/form/tracking, audience, owner and human release approval remain required. Source URLs are unverified; no publishing or send authority.",source_provided_unverified,3e4fe0cb7bd76e0959ceb2683f2d8c8e36a9fdff743e6d9b5fcbe0b3c50dca8b,,,
e04,email preheader,downloads/publishing-kit/emails/e04/preheader.txt,emails/e04/preheader.txt,False,68,a0a6b5ae9ef7d15d4392f824d8f50626bd065150bf7a164d70c87811e8e47492,campaign-data.js,CAMPAIGN.emails[id=e04].preheader,file_exported; activation_held,"REVIEW ONLY — NOT ACTIVATED. Technical claims, destination/form/tracking, audience, owner and human release approval remain required. Source URLs are unverified; no publishing or send authority.",source_provided_unverified,3e4fe0cb7bd76e0959ceb2683f2d8c8e36a9fdff743e6d9b5fcbe0b3c50dca8b,,,
e04,complete source copy,downloads/publishing-kit/emails/e04/source-copy.json,emails/e04/source-copy.json,False,1012,5f1b6aeeb4e6c095126bec5dc9dc3d173afb5225a4eb6adf4ccde3e73d01263d,campaign-data.js,CAMPAIGN.emails[id=e04],file_exported; activation_held,"REVIEW ONLY — NOT ACTIVATED. Technical claims, destination/form/tracking, audience, owner and human release approval remain required. Source URLs are unverified; no publishing or send authority.",source_provided_unverified,3e4fe0cb7bd76e0959ceb2683f2d8c8e36a9fdff743e6d9b5fcbe0b3c50dca8b,,,
e04,email design screenshot,downloads/publishing-kit/emails/e04/e04-email-design.png,emails/e04/e04-email-design.png,False,569778,c53c99fc06fbbed5319138b12eab7d68ba90a2f524092cd450fad39d85c0e63c,assets/email/e04-email.webp,CAMPAIGN.emails[id=e04],file_exported; activation_held,"REVIEW ONLY — NOT ACTIVATED. Technical claims, destination/form/tracking, audience, owner and human release approval remain required. Source URLs are unverified; no publishing or send authority.",source_provided_unverified,65ec63c8815316f42edc63a2d50c517f917745207fce07847572e57c7fd89899,1200,900,
e04,instructions,downloads/publishing-kit/emails/e04/README.txt,emails/e04/README.txt,False,765,0d14a260e5b5c65309d1a431f7b08b133bd37a2e9dc0dacfa448824ffbb7d6d1,campaign-data.js,,file_exported; activation_held,"REVIEW ONLY — NOT ACTIVATED. Technical claims, destination/form/tracking, audience, owner and human release approval remain required. Source URLs are unverified; no publishing or send authority.",source_provided_unverified,3e4fe0cb7bd76e0959ceb2683f2d8c8e36a9fdff743e6d9b5fcbe0b3c50dca8b,,,
e05,email copy,downloads/publishing-kit/emails/e05/email.txt,emails/e05/email.txt,False,739,f27912493ea5af160ce90204ac7aceb63efc73fd0d4c9fd239d06e5409b3dce6,campaign-data.js,CAMPAIGN.emails[id=e05],file_exported; activation_held,"REVIEW ONLY — NOT ACTIVATED. Technical claims, destination/form/tracking, audience, owner and human release approval remain required. Source URLs are unverified; no publishing or send authority.",source_provided_unverified,3e4fe0cb7bd76e0959ceb2683f2d8c8e36a9fdff743e6d9b5fcbe0b3c50dca8b,,,
e05,email subject,downloads/publishing-kit/emails/e05/subject.txt,emails/e05/subject.txt,False,40,626a1ab5dd8c05ed77b6c52cb801f5885cfd5a800ed467a2b4aa061be5cfe5d0,campaign-data.js,CAMPAIGN.emails[id=e05].subject,file_exported; activation_held,"REVIEW ONLY — NOT ACTIVATED. Technical claims, destination/form/tracking, audience, owner and human release approval remain required. Source URLs are unverified; no publishing or send authority.",source_provided_unverified,3e4fe0cb7bd76e0959ceb2683f2d8c8e36a9fdff743e6d9b5fcbe0b3c50dca8b,,,
e05,email preheader,downloads/publishing-kit/emails/e05/preheader.txt,emails/e05/preheader.txt,False,74,9340fe7d2fbef0be0b7978a0b97688ce966e3e5ffcf551fc3505ffe7a5db3032,campaign-data.js,CAMPAIGN.emails[id=e05].preheader,file_exported; activation_held,"REVIEW ONLY — NOT ACTIVATED. Technical claims, destination/form/tracking, audience, owner and human release approval remain required. Source URLs are unverified; no publishing or send authority.",source_provided_unverified,3e4fe0cb7bd76e0959ceb2683f2d8c8e36a9fdff743e6d9b5fcbe0b3c50dca8b,,,
e05,complete source copy,downloads/publishing-kit/emails/e05/source-copy.json,emails/e05/source-copy.json,False,973,c019650e1800bf46eee8d8901217533a1a02fd9c8ffe8975665f857b8421eb3e,campaign-data.js,CAMPAIGN.emails[id=e05],file_exported; activation_held,"REVIEW ONLY — NOT ACTIVATED. Technical claims, destination/form/tracking, audience, owner and human release approval remain required. Source URLs are unverified; no publishing or send authority.",source_provided_unverified,3e4fe0cb7bd76e0959ceb2683f2d8c8e36a9fdff743e6d9b5fcbe0b3c50dca8b,,,
e05,email design screenshot,downloads/publishing-kit/emails/e05/e05-email-design.png,emails/e05/e05-email-design.png,False,722538,e249d4ddd887b1d0c92f5f3e19bb86a2951a9a607bf2795ad32665608a8f2b1a,assets/email/e05-email.webp,CAMPAIGN.emails[id=e05],file_exported; activation_held,"REVIEW ONLY — NOT ACTIVATED. Technical claims, destination/form/tracking, audience, owner and human release approval remain required. Source URLs are unverified; no publishing or send authority.",source_provided_unverified,caf31bd3c9fc28388e3c63559e62151ac76428c6de10746b502fd350fbba77c1,1200,900,
e05,instructions,downloads/publishing-kit/emails/e05/README.txt,emails/e05/README.txt,False,765,dec89b66a482e893d6a72434fbfdad1ff95745218933751e7e89644550b26b63,campaign-data.js,,file_exported; activation_held,"REVIEW ONLY — NOT ACTIVATED. Technical claims, destination/form/tracking, audience, owner and human release approval remain required. Source URLs are unverified; no publishing or send authority.",source_provided_unverified,3e4fe0cb7bd76e0959ceb2683f2d8c8e36a9fdff743e6d9b5fcbe0b3c50dca8b,,,
e06,email copy,downloads/publishing-kit/emails/e06/email.txt,emails/e06/email.txt,False,800,4516a7e169e84c16ae607003ca9fc4d5b7b16c76b3656d789c00a9ac4bef6e1b,campaign-data.js,CAMPAIGN.emails[id=e06],file_exported; activation_held,"REVIEW ONLY — NOT ACTIVATED. Technical claims, destination/form/tracking, audience, owner and human release approval remain required. Source URLs are unverified; no publishing or send authority.",source_provided_unverified,3e4fe0cb7bd76e0959ceb2683f2d8c8e36a9fdff743e6d9b5fcbe0b3c50dca8b,,,
e06,email subject,downloads/publishing-kit/emails/e06/subject.txt,emails/e06/subject.txt,False,39,3c29dcb3e82b7a7ac3075c4e1c9dd6531257cc7215112cc86a855c3a660ceb95,campaign-data.js,CAMPAIGN.emails[id=e06].subject,file_exported; activation_held,"REVIEW ONLY — NOT ACTIVATED. Technical claims, destination/form/tracking, audience, owner and human release approval remain required. Source URLs are unverified; no publishing or send authority.",source_provided_unverified,3e4fe0cb7bd76e0959ceb2683f2d8c8e36a9fdff743e6d9b5fcbe0b3c50dca8b,,,
e06,email preheader,downloads/publishing-kit/emails/e06/preheader.txt,emails/e06/preheader.txt,False,61,d55d774c37728eb321861d0e5e2bdff1d03901f1ed65a896f3dfbc74ce2e9027,campaign-data.js,CAMPAIGN.emails[id=e06].preheader,file_exported; activation_held,"REVIEW ONLY — NOT ACTIVATED. Technical claims, destination/form/tracking, audience, owner and human release approval remain required. Source URLs are unverified; no publishing or send authority.",source_provided_unverified,3e4fe0cb7bd76e0959ceb2683f2d8c8e36a9fdff743e6d9b5fcbe0b3c50dca8b,,,
e06,complete source copy,downloads/publishing-kit/emails/e06/source-copy.json,emails/e06/source-copy.json,False,1038,80ec9be2d34890d89a455b51423e34181dc12e05b719d31637e8ab4016ca4b87,campaign-data.js,CAMPAIGN.emails[id=e06],file_exported; activation_held,"REVIEW ONLY — NOT ACTIVATED. Technical claims, destination/form/tracking, audience, owner and human release approval remain required. Source URLs are unverified; no publishing or send authority.",source_provided_unverified,3e4fe0cb7bd76e0959ceb2683f2d8c8e36a9fdff743e6d9b5fcbe0b3c50dca8b,,,
e06,email design screenshot,downloads/publishing-kit/emails/e06/e06-email-design.png,emails/e06/e06-email-design.png,False,470398,3371881c9f7cb6cab7bbecf83f7eec22992df0e09cd9eddb9ceb1c1f898ec92f,assets/email/e06-email.webp,CAMPAIGN.emails[id=e06],file_exported; activation_held,"REVIEW ONLY — NOT ACTIVATED. Technical claims, destination/form/tracking, audience, owner and human release approval remain required. Source URLs are unverified; no publishing or send authority.",source_provided_unverified,2ddce98200d890b460af75be678ddfe46d42d924a6b6a073122e66f60a584b36,1200,900,
e06,instructions,downloads/publishing-kit/emails/e06/README.txt,emails/e06/README.txt,False,773,02d4014c8271eec1910a16be3092a0689b907c8d518d8feac12f2d15a3cca295,campaign-data.js,,file_exported; activation_held,"REVIEW ONLY — NOT ACTIVATED. Technical claims, destination/form/tracking, audience, owner and human release approval remain required. Source URLs are unverified; no publishing or send authority.",source_provided_unverified,3e4fe0cb7bd76e0959ceb2683f2d8c8e36a9fdff743e6d9b5fcbe0b3c50dca8b,,,
e07,email copy,downloads/publishing-kit/emails/e07/email.txt,emails/e07/email.txt,False,794,f28c9156415756d5f4661921f3c789448c5f0a4a6e92976d3e2ee3099bbe8595,campaign-data.js,CAMPAIGN.emails[id=e07],file_exported; activation_held,"REVIEW ONLY — NOT ACTIVATED. Technical claims, destination/form/tracking, audience, owner and human release approval remain required. Source URLs are unverified; no publishing or send authority.",source_provided_unverified,3e4fe0cb7bd76e0959ceb2683f2d8c8e36a9fdff743e6d9b5fcbe0b3c50dca8b,,,
e07,email subject,downloads/publishing-kit/emails/e07/subject.txt,emails/e07/subject.txt,False,34,4ff45d686bc38e89dee2e4a5b13cd43964532fe662367058a5e48f9b5baa78a0,campaign-data.js,CAMPAIGN.emails[id=e07].subject,file_exported; activation_held,"REVIEW ONLY — NOT ACTIVATED. Technical claims, destination/form/tracking, audience, owner and human release approval remain required. Source URLs are unverified; no publishing or send authority.",source_provided_unverified,3e4fe0cb7bd76e0959ceb2683f2d8c8e36a9fdff743e6d9b5fcbe0b3c50dca8b,,,
e07,email preheader,downloads/publishing-kit/emails/e07/preheader.txt,emails/e07/preheader.txt,False,67,ff35b3760edf0811b9dce983b21ea0cabf80bdfdc3b73147984480b00cc64472,campaign-data.js,CAMPAIGN.emails[id=e07].preheader,file_exported; activation_held,"REVIEW ONLY — NOT ACTIVATED. Technical claims, destination/form/tracking, audience, owner and human release approval remain required. Source URLs are unverified; no publishing or send authority.",source_provided_unverified,3e4fe0cb7bd76e0959ceb2683f2d8c8e36a9fdff743e6d9b5fcbe0b3c50dca8b,,,
e07,complete source copy,downloads/publishing-kit/emails/e07/source-copy.json,emails/e07/source-copy.json,False,1025,e115b57d0d21ce1e8e6c8a6b5a8e96b4a0c725b022ecb464bd29d5467419bd75,campaign-data.js,CAMPAIGN.emails[id=e07],file_exported; activation_held,"REVIEW ONLY — NOT ACTIVATED. Technical claims, destination/form/tracking, audience, owner and human release approval remain required. Source URLs are unverified; no publishing or send authority.",source_provided_unverified,3e4fe0cb7bd76e0959ceb2683f2d8c8e36a9fdff743e6d9b5fcbe0b3c50dca8b,,,
e07,email design screenshot,downloads/publishing-kit/emails/e07/e07-email-design.png,emails/e07/e07-email-design.png,False,545784,a3d9aee3853cea786baeb764e34bb73ae6576415d7cba1c9d9b1df326c6012e7,assets/email/e07-email.webp,CAMPAIGN.emails[id=e07],file_exported; activation_held,"REVIEW ONLY — NOT ACTIVATED. Technical claims, destination/form/tracking, audience, owner and human release approval remain required. Source URLs are unverified; no publishing or send authority.",source_provided_unverified,f16d58ed0447ae40e9b81e4f4f4c760fc347c08a3800a2295599a791cb0c4a53,1200,900,
e07,instructions,downloads/publishing-kit/emails/e07/README.txt,emails/e07/README.txt,False,752,b7d5426b52b2871c9496d829145bfe3e256cc3c434962ea2a586fc00288950a1,campaign-data.js,,file_exported; activation_held,"REVIEW ONLY — NOT ACTIVATED. Technical claims, destination/form/tracking, audience, owner and human release approval remain required. Source URLs are unverified; no publishing or send authority.",source_provided_unverified,3e4fe0cb7bd76e0959ceb2683f2d8c8e36a9fdff743e6d9b5fcbe0b3c50dca8b,,,
e08,email copy,downloads/publishing-kit/emails/e08/email.txt,emails/e08/email.txt,False,783,36ef5f16ccc8fbd0828611e3e7c672b4b85fd36dfa5470af34e401a351ba35a0,campaign-data.js,CAMPAIGN.emails[id=e08],file_exported; activation_held,"REVIEW ONLY — NOT ACTIVATED. Technical claims, destination/form/tracking, audience, owner and human release approval remain required. Source URLs are unverified; no publishing or send authority.",source_provided_unverified,3e4fe0cb7bd76e0959ceb2683f2d8c8e36a9fdff743e6d9b5fcbe0b3c50dca8b,,,
e08,email subject,downloads/publishing-kit/emails/e08/subject.txt,emails/e08/subject.txt,False,59,9fe89c4b3685e03af1295793c6175f31f4a8f8c494afb12fefa5743d8dcf3699,campaign-data.js,CAMPAIGN.emails[id=e08].subject,file_exported; activation_held,"REVIEW ONLY — NOT ACTIVATED. Technical claims, destination/form/tracking, audience, owner and human release approval remain required. Source URLs are unverified; no publishing or send authority.",source_provided_unverified,3e4fe0cb7bd76e0959ceb2683f2d8c8e36a9fdff743e6d9b5fcbe0b3c50dca8b,,,
e08,email preheader,downloads/publishing-kit/emails/e08/preheader.txt,emails/e08/preheader.txt,False,57,a44b0ca2163ea868f2f64565cf912b7047dea9776d471739b9449aebb1556111,campaign-data.js,CAMPAIGN.emails[id=e08].preheader,file_exported; activation_held,"REVIEW ONLY — NOT ACTIVATED. Technical claims, destination/form/tracking, audience, owner and human release approval remain required. Source URLs are unverified; no publishing or send authority.",source_provided_unverified,3e4fe0cb7bd76e0959ceb2683f2d8c8e36a9fdff743e6d9b5fcbe0b3c50dca8b,,,
e08,complete source copy,downloads/publishing-kit/emails/e08/source-copy.json,emails/e08/source-copy.json,False,1033,9bd47ccb1912d864c1df096c95be0c34a39fee23d3f83922c061a9e89073b281,campaign-data.js,CAMPAIGN.emails[id=e08],file_exported; activation_held,"REVIEW ONLY — NOT ACTIVATED. Technical claims, destination/form/tracking, audience, owner and human release approval remain required. Source URLs are unverified; no publishing or send authority.",source_provided_unverified,3e4fe0cb7bd76e0959ceb2683f2d8c8e36a9fdff743e6d9b5fcbe0b3c50dca8b,,,
e08,email design screenshot,downloads/publishing-kit/emails/e08/e08-email-design.png,emails/e08/e08-email-design.png,False,632565,c39c2669dc7caad39996038f31000e5302421a71f64660318c9c62183860f749,assets/email/e08-email.webp,CAMPAIGN.emails[id=e08],file_exported; activation_held,"REVIEW ONLY — NOT ACTIVATED. Technical claims, destination/form/tracking, audience, owner and human release approval remain required. Source URLs are unverified; no publishing or send authority.",source_provided_unverified,bad023666b2940237bb4a57d4a0a0e935ec5ddd19920b111e881a357d051281c,1200,900,
e08,instructions,downloads/publishing-kit/emails/e08/README.txt,emails/e08/README.txt,False,779,6a174afa4df8bebbe355c6e644363fdf176cb00041fa1e9fb1cd686f5f908394,campaign-data.js,,file_exported; activation_held,"REVIEW ONLY — NOT ACTIVATED. Technical claims, destination/form/tracking, audience, owner and human release approval remain required. Source URLs are unverified; no publishing or send authority.",source_provided_unverified,3e4fe0cb7bd76e0959ceb2683f2d8c8e36a9fdff743e6d9b5fcbe0b3c50dca8b,,,
architecture-website,website study,downloads/publishing-kit/website-studies/architecture-website.png,website-studies/architecture-website.png,False,735590,f999d8a6de4ed2671f582213098c00dcaba416f1173ef295584577df82cbfdda,assets/website/architecture-website.webp,,file_exported; activation_held,"REVIEW ONLY — NOT ACTIVATED. Technical claims, destination/form/tracking, audience, owner and human release approval remain required. Source URLs are unverified; no publishing or send authority.",source_provided_unverified,d82c4481d59b7c924b606801008fdfa821340ba2d6f75aeaf0490db6b9ab6570,1600,900,
clinic-website,website study,downloads/publishing-kit/website-studies/clinic-website.png,website-studies/clinic-website.png,False,703908,555e846fd06b07123fcb87caab82626f4cd228728774e3c7c9c01f780ccfabf1,assets/website/clinic-website.webp,,file_exported; activation_held,"REVIEW ONLY — NOT ACTIVATED. Technical claims, destination/form/tracking, audience, owner and human release approval remain required. Source URLs are unverified; no publishing or send authority.",source_provided_unverified,88325fc3e5691d132ddc551a45b479228fa16d0f34abf70bfd5c59365dbf4260,1600,900,
hero-website,website study,downloads/publishing-kit/website-studies/hero-website.png,website-studies/hero-website.png,False,666815,2b33ea86d218b8a17030e92964becf474ff9937754300f3e850919e7247235a7,assets/website/hero-website.webp,,file_exported; activation_held,"REVIEW ONLY — NOT ACTIVATED. Technical claims, destination/form/tracking, audience, owner and human release approval remain required. Source URLs are unverified; no publishing or send authority.",source_provided_unverified,f56cf4c8836a116b354727ab4c94e570d97a15b5092c669d901c1e94b7bd3d28,1600,900,
verticals-website,website study,downloads/publishing-kit/website-studies/verticals-website.png,website-studies/verticals-website.png,False,964285,56c712059d25d10c498a293ebabf8b0e1ed495efb2e2b65ce51049127a205600,assets/website/verticals-website.webp,,file_exported; activation_held,"REVIEW ONLY — NOT ACTIVATED. Technical claims, destination/form/tracking, audience, owner and human release approval remain required. Source URLs are unverified; no publishing or send authority.",source_provided_unverified,a2f58e7e0723d615ab8ddb69743ccdb76a1b983f52ec52991fb18cd0149c12d2,1600,900,
website,instructions,downloads/publishing-kit/website-studies/README.txt,website-studies/README.txt,False,280,c4da3756a3405d34d60599a73637fbab5b35c64cc7f3d3808e143a8fddc3bf3e,campaign-data.js,,file_exported; activation_held,"REVIEW ONLY — NOT ACTIVATED. Technical claims, destination/form/tracking, audience, owner and human release approval remain required. Source URLs are unverified; no publishing or send authority.",source_provided_unverified,3e4fe0cb7bd76e0959ceb2683f2d8c8e36a9fdff743e6d9b5fcbe0b3c50dca8b,,,
coverage-boundary-frame,motion study,downloads/publishing-kit/motion-studies/coverage-boundary-frame.jpg,motion-studies/coverage-boundary-frame.jpg,False,105945,c105dde43616a9867b203d08ce2722a46700a32e4b79f188fd25843075d067de,assets/motion/coverage-boundary-frame.jpg,,file_exported; activation_held,"REVIEW ONLY — NOT ACTIVATED. Technical claims, destination/form/tracking, audience, owner and human release approval remain required. Source URLs are unverified; no publishing or send authority.",source_provided_unverified,c105dde43616a9867b203d08ce2722a46700a32e4b79f188fd25843075d067de,,,
coverage-boundary-loop,motion study,downloads/publishing-kit/motion-studies/coverage-boundary-loop.mp4,,True,6515998,0ca0ee32a9ba1b3f689209571ed089180de35e6daf66de1877930a81b7d7c5a9,assets/motion/coverage-boundary-loop.mp4,,file_exported; activation_held,"REVIEW ONLY — NOT ACTIVATED. Technical claims, destination/form/tracking, audience, owner and human release approval remain required. Source URLs are unverified; no publishing or send authority.",source_provided_unverified,0ca0ee32a9ba1b3f689209571ed089180de35e6daf66de1877930a81b7d7c5a9,,,
engineering-design-frame,motion study,downloads/publishing-kit/motion-studies/engineering-design-frame.jpg,motion-studies/engineering-design-frame.jpg,False,115845,ecd3ce6702feec357b007822d307bdb391ee4b520b628d688911d009134828d4,assets/motion/engineering-design-frame.jpg,,file_exported; activation_held,"REVIEW ONLY — NOT ACTIVATED. Technical claims, destination/form/tracking, audience, owner and human release approval remain required. Source URLs are unverified; no publishing or send authority.",source_provided_unverified,ecd3ce6702feec357b007822d307bdb391ee4b520b628d688911d009134828d4,,,
engineering-design-loop,motion study,downloads/publishing-kit/motion-studies/engineering-design-loop.mp4,,True,8273970,d94ae0dd2aad776e5600e6b07afc27a6bb7ae48bb6fdcda1d1e0f567794ad01f,assets/motion/engineering-design-loop.mp4,,file_exported; activation_held,"REVIEW ONLY — NOT ACTIVATED. Technical claims, destination/form/tracking, audience, owner and human release approval remain required. Source URLs are unverified; no publishing or send authority.",source_provided_unverified,d94ae0dd2aad776e5600e6b07afc27a6bb7ae48bb6fdcda1d1e0f567794ad01f,,,
motion,instructions,downloads/publishing-kit/motion-studies/README.txt,motion-studies/README.txt,False,482,485af89d0e1a19a092648fc091d423aad35af7b810f53ca2579e3fa4c6df72c4,campaign-data.js,,file_exported; activation_held,"REVIEW ONLY — NOT ACTIVATED. Technical claims, destination/form/tracking, audience, owner and human release approval remain required. Source URLs are unverified; no publishing or send authority.",source_provided_unverified,3e4fe0cb7bd76e0959ceb2683f2d8c8e36a9fdff743e6d9b5fcbe0b3c50dca8b,,,
readiness-guide,existing guide PDF,downloads/publishing-kit/guide/hybrid-iot-readiness-guide.pdf,guide/hybrid-iot-readiness-guide.pdf,False,2687671,920c333b34158aba3205b867c4cbbfb2f1a0dd17adf207038660c99b83e98c1e,downloads/hybrid-iot-readiness-guide.pdf,,file_exported; activation_held,"REVIEW ONLY — NOT ACTIVATED. Technical claims, destination/form/tracking, audience, owner and human release approval remain required. Source URLs are unverified; no publishing or send authority.",source_provided_unverified,920c333b34158aba3205b867c4cbbfb2f1a0dd17adf207038660c99b83e98c1e,,,8
calendar,proposed calendar,downloads/publishing-kit/evidence/campaign-calendar.csv,evidence/campaign-calendar.csv,False,4501,b31d8fe63fe8ed20c8a6bbd2fa21d1c6f8722ab16e4c1b04fcbe4e3089dc0f77,downloads/campaign-calendar.csv,,file_exported; activation_held,"REVIEW ONLY — NOT ACTIVATED. Technical claims, destination/form/tracking, audience, owner and human release approval remain required. Source URLs are unverified; no publishing or send authority.",source_provided_unverified,b31d8fe63fe8ed20c8a6bbd2fa21d1c6f8722ab16e4c1b04fcbe4e3089dc0f77,,,
paidSearch,exact source copy,downloads/publishing-kit/paid-search/copy.txt,paid-search/copy.txt,False,1904,488ed803adf3f16b72089ec41620b5e0a4778c18a538f7a9f7be8ce7180a308c,campaign-data.js,CAMPAIGN.paidSearch,file_exported; activation_held,"REVIEW ONLY — NOT ACTIVATED. Technical claims, destination/form/tracking, audience, owner and human release approval remain required. Source URLs are unverified; no publishing or send authority.",source_provided_unverified,3e4fe0cb7bd76e0959ceb2683f2d8c8e36a9fdff743e6d9b5fcbe0b3c50dca8b,,,
paidSearch,instructions,downloads/publishing-kit/paid-search/README.txt,paid-search/README.txt,False,286,0ec7e9fdcc6426ecfc41e4efac12d1f1da21a93180fb5e9b4dd1b23866ff7d2f,campaign-data.js,,file_exported; activation_held,"REVIEW ONLY — NOT ACTIVATED. Technical claims, destination/form/tracking, audience, owner and human release approval remain required. Source URLs are unverified; no publishing or send authority.",source_provided_unverified,3e4fe0cb7bd76e0959ceb2683f2d8c8e36a9fdff743e6d9b5fcbe0b3c50dca8b,,,
retargeting,exact source copy,downloads/publishing-kit/retargeting/copy.txt,retargeting/copy.txt,False,771,534b4eb7b08e238ba3bad7de7eab890fb76a78d8a7b167d7eb323a5591139bd8,campaign-data.js,CAMPAIGN.retargeting,file_exported; activation_held,"REVIEW ONLY — NOT ACTIVATED. Technical claims, destination/form/tracking, audience, owner and human release approval remain required. Source URLs are unverified; no publishing or send authority.",source_provided_unverified,3e4fe0cb7bd76e0959ceb2683f2d8c8e36a9fdff743e6d9b5fcbe0b3c50dca8b,,,
retargeting,instructions,downloads/publishing-kit/retargeting/README.txt,retargeting/README.txt,False,286,0ec7e9fdcc6426ecfc41e4efac12d1f1da21a93180fb5e9b4dd1b23866ff7d2f,campaign-data.js,,file_exported; activation_held,"REVIEW ONLY — NOT ACTIVATED. Technical claims, destination/form/tracking, audience, owner and human release approval remain required. Source URLs are unverified; no publishing or send authority.",source_provided_unverified,3e4fe0cb7bd76e0959ceb2683f2d8c8e36a9fdff743e6d9b5fcbe0b3c50dca8b,,,
talkTracks,exact source copy,downloads/publishing-kit/sales-talk-tracks/copy.txt,sales-talk-tracks/copy.txt,False,1842,92db02ed01c3f903e91a8581148b180c3d223699f241874b72b0172fa8c015c9,campaign-data.js,CAMPAIGN.talkTracks,file_exported; activation_held,"REVIEW ONLY — NOT ACTIVATED. Technical claims, destination/form/tracking, audience, owner and human release approval remain required. Source URLs are unverified; no publishing or send authority.",source_provided_unverified,3e4fe0cb7bd76e0959ceb2683f2d8c8e36a9fdff743e6d9b5fcbe0b3c50dca8b,,,
talkTracks,instructions,downloads/publishing-kit/sales-talk-tracks/README.txt,sales-talk-tracks/README.txt,False,286,0ec7e9fdcc6426ecfc41e4efac12d1f1da21a93180fb5e9b4dd1b23866ff7d2f,campaign-data.js,,file_exported; activation_held,"REVIEW ONLY — NOT ACTIVATED. Technical claims, destination/form/tracking, audience, owner and human release approval remain required. Source URLs are unverified; no publishing or send authority.",source_provided_unverified,3e4fe0cb7bd76e0959ceb2683f2d8c8e36a9fdff743e6d9b5fcbe0b3c50dca8b,,,
website,exact source copy,downloads/publishing-kit/website-copy/copy.txt,website-copy/copy.txt,False,1448,dad98744c217834923dd9f6c45c81d995c0c2014717e02f6d5dead785c359c24,campaign-data.js,CAMPAIGN.website,file_exported; activation_held,"REVIEW ONLY — NOT ACTIVATED. Technical claims, destination/form/tracking, audience, owner and human release approval remain required. Source URLs are unverified; no publishing or send authority.",source_provided_unverified,3e4fe0cb7bd76e0959ceb2683f2d8c8e36a9fdff743e6d9b5fcbe0b3c50dca8b,,,
website,instructions,downloads/publishing-kit/website-copy/README.txt,website-copy/README.txt,False,286,0ec7e9fdcc6426ecfc41e4efac12d1f1da21a93180fb5e9b4dd1b23866ff7d2f,campaign-data.js,,file_exported; activation_held,"REVIEW ONLY — NOT ACTIVATED. Technical claims, destination/form/tracking, audience, owner and human release approval remain required. Source URLs are unverified; no publishing or send authority.",source_provided_unverified,3e4fe0cb7bd76e0959ceb2683f2d8c8e36a9fdff743e6d9b5fcbe0b3c50dca8b,,,
start-here,instructions,downloads/publishing-kit/START-HERE.md,START-HERE.md,False,1876,996080ee272c6a31e59a6cb7ae4ba71c18b845ab7493f6cba7a14c43f2d4c437,campaign-data.js,,file_exported; activation_held,"REVIEW ONLY — NOT ACTIVATED. Technical claims, destination/form/tracking, audience, owner and human release approval remain required. Source URLs are unverified; no publishing or send authority.",source_provided_unverified,3e4fe0cb7bd76e0959ceb2683f2d8c8e36a9fdff743e6d9b5fcbe0b3c50dca8b,,,
w01,weekly ZIP,downloads/w01-publishing-kit.zip,,True,2077883,f7caac8fd5567d0a6a1168a62ade521c65ea8e7d5ef54c7b61f68916d2b4ebbf,,,file_exported; activation_held,"REVIEW ONLY — NOT ACTIVATED. Technical claims, destination/form/tracking, audience, owner and human release approval remain required. Source URLs are unverified; no publishing or send authority.",source_provided_unverified,,,,
w02,weekly ZIP,downloads/w02-publishing-kit.zip,,True,2905120,31a67354e5479181db6939f40db88400a00c2557e25776bf1b38de1ff162f96a,,,file_exported; activation_held,"REVIEW ONLY — NOT ACTIVATED. Technical claims, destination/form/tracking, audience, owner and human release approval remain required. Source URLs are unverified; no publishing or send authority.",source_provided_unverified,,,,
w03,weekly ZIP,downloads/w03-publishing-kit.zip,,True,2564754,415a2bb93ca881d1591557f0e5ec02650f2ba5020b120b22c94e59c9a35dc45e,,,file_exported; activation_held,"REVIEW ONLY — NOT ACTIVATED. Technical claims, destination/form/tracking, audience, owner and human release approval remain required. Source URLs are unverified; no publishing or send authority.",source_provided_unverified,,,,
w04,weekly ZIP,downloads/w04-publishing-kit.zip,,True,4274316,f5dade7ff8dec0219f1f6b8251f486a7bd1da98400f772ffe762787ca62126d3,,,file_exported; activation_held,"REVIEW ONLY — NOT ACTIVATED. Technical claims, destination/form/tracking, audience, owner and human release approval remain required. Source URLs are unverified; no publishing or send authority.",source_provided_unverified,,,,
w05,weekly ZIP,downloads/w05-publishing-kit.zip,,True,2289250,6d86521de25fa1cb61fe29c5f61ef817671279485512d3da24db73e29bd74c2f,,,file_exported; activation_held,"REVIEW ONLY — NOT ACTIVATED. Technical claims, destination/form/tracking, audience, owner and human release approval remain required. Source URLs are unverified; no publishing or send authority.",source_provided_unverified,,,,
w06,weekly ZIP,downloads/w06-publishing-kit.zip,,True,3024685,cb26a9dbf751b5e60c52c9858a4cc694579ba0bcaa1f76745b5978128bfaa374,,,file_exported; activation_held,"REVIEW ONLY — NOT ACTIVATED. Technical claims, destination/form/tracking, audience, owner and human release approval remain required. Source URLs are unverified; no publishing or send authority.",source_provided_unverified,,,,
w07,weekly ZIP,downloads/w07-publishing-kit.zip,,True,3651543,62e6a8c0f5495c3d8d8b6d43f12100d7028a2d96a25d7f87213350a28f798106,,,file_exported; activation_held,"REVIEW ONLY — NOT ACTIVATED. Technical claims, destination/form/tracking, audience, owner and human release approval remain required. Source URLs are unverified; no publishing or send authority.",source_provided_unverified,,,,
w08,weekly ZIP,downloads/w08-publishing-kit.zip,,True,1697975,cb1a36bd4e392c80ca53c625fc0d606efd24b928e7895c0315ced0babb6ce2a7,,,file_exported; activation_held,"REVIEW ONLY — NOT ACTIVATED. Technical claims, destination/form/tracking, audience, owner and human release approval remain required. Source URLs are unverified; no publishing or send authority.",source_provided_unverified,,,,
w09,weekly ZIP,downloads/w09-publishing-kit.zip,,True,2528282,a52dee1fa4b5340477381bb600a2a274e3500423bcd27c4c362fa6e6bc78d5b0,,,file_exported; activation_held,"REVIEW ONLY — NOT ACTIVATED. Technical claims, destination/form/tracking, audience, owner and human release approval remain required. Source URLs are unverified; no publishing or send authority.",source_provided_unverified,,,,
w10,weekly ZIP,downloads/w10-publishing-kit.zip,,True,2092532,6abd29a432d3613778101cb093bf4cfdccd356e6b0a46dce585c68bf590f54bd,,,file_exported; activation_held,"REVIEW ONLY — NOT ACTIVATED. Technical claims, destination/form/tracking, audience, owner and human release approval remain required. Source URLs are unverified; no publishing or send authority.",source_provided_unverified,,,,
w11,weekly ZIP,downloads/w11-publishing-kit.zip,,True,2590629,5accf385fc2d34a04f48d5dfaf92c8eaae46910f9b4d1b425d289af018ba92be,,,file_exported; activation_held,"REVIEW ONLY — NOT ACTIVATED. Technical claims, destination/form/tracking, audience, owner and human release approval remain required. Source URLs are unverified; no publishing or send authority.",source_provided_unverified,,,,
w12,weekly ZIP,downloads/w12-publishing-kit.zip,,True,2278676,da1b8c90b11877df927d9bfb98f96f4c11d03ebaaacad1b826603bfc9a432d97,,,file_exported; activation_held,"REVIEW ONLY — NOT ACTIVATED. Technical claims, destination/form/tracking, audience, owner and human release approval remain required. Source URLs are unverified; no publishing or send authority.",source_provided_unverified,,,,
asset-tracking-m2m-connectivity,carousel ZIP — M2M Connectivity,downloads/asset-tracking-m2m-connectivity-carousel-kit.zip,,True,5081670,bcdfc3bf4b0faa351d993a39f2e69f5ba831d676e1fc6a4664852eada610090c,,,file_exported; activation_held,"REVIEW ONLY — NOT ACTIVATED. Technical claims, destination/form/tracking, audience, owner and human release approval remain required. Source URLs are unverified; no publishing or send authority.",source_provided_unverified,,,,
asset-tracking-m2m-one,carousel ZIP — M2M One,downloads/asset-tracking-m2m-one-carousel-kit.zip,,True,5117207,c993e756f65d6556176b61eb469f3a17f30bfe4d7bf6bd9c5d18c04b92bac87e,,,file_exported; activation_held,"REVIEW ONLY — NOT ACTIVATED. Technical claims, destination/form/tracking, audience, owner and human release approval remain required. Source URLs are unverified; no publishing or send authority.",source_provided_unverified,,,,
asset-tracking,carousel ZIP — two independent brand versions,downloads/asset-tracking-carousel-kit.zip,,True,10199015,e63b3d1ea0c46a8dbce238a937b676f152e0de3e8f133201f38f2e95428b0a13,,,file_exported; activation_held,"REVIEW ONLY — NOT ACTIVATED. Technical claims, destination/form/tracking, audience, owner and human release approval remain required. Source URLs are unverified; no publishing or send authority.",source_provided_unverified,,,,
agtech-m2m-connectivity,carousel ZIP — M2M Connectivity,downloads/agtech-m2m-connectivity-carousel-kit.zip,,True,5050061,9d8d82763f61bd235da626cc24004c0876abb92ea0261b7bfe2343ad52bcefa9,,,file_exported; activation_held,"REVIEW ONLY — NOT ACTIVATED. Technical claims, destination/form/tracking, audience, owner and human release approval remain required. Source URLs are unverified; no publishing or send authority.",source_provided_unverified,,,,
agtech-m2m-one,carousel ZIP — M2M One,downloads/agtech-m2m-one-carousel-kit.zip,,True,5108710,5e5d13b4ca7ed6d4c817803fe79c2ae616e363eb9d3bbb563af27221ce4ee645,,,file_exported; activation_held,"REVIEW ONLY — NOT ACTIVATED. Technical claims, destination/form/tracking, audience, owner and human release approval remain required. Source URLs are unverified; no publishing or send authority.",source_provided_unverified,,,,
agtech,carousel ZIP — two independent brand versions,downloads/agtech-carousel-kit.zip,,True,10158909,747ecc3753fe998219ec273b6fd964cc64bad815c0fc0f0488f3062b272941d0,,,file_exported; activation_held,"REVIEW ONLY — NOT ACTIVATED. Technical claims, destination/form/tracking, audience, owner and human release approval remain required. Source URLs are unverified; no publishing or send authority.",source_provided_unverified,,,,
environmental-m2m-connectivity,carousel ZIP — M2M Connectivity,downloads/environmental-m2m-connectivity-carousel-kit.zip,,True,6793610,ac139ea7e0fb78f04dc4d8ebf451224a840f0250c131c36b98931f85935a5853,,,file_exported; activation_held,"REVIEW ONLY — NOT ACTIVATED. Technical claims, destination/form/tracking, audience, owner and human release approval remain required. Source URLs are unverified; no publishing or send authority.",source_provided_unverified,,,,
environmental-m2m-one,carousel ZIP — M2M One,downloads/environmental-m2m-one-carousel-kit.zip,,True,6842010,e6f8eec75c50d19ddedca778c9a558a5d58182a5ca75a07854eeb70ab4f9d2be,,,file_exported; activation_held,"REVIEW ONLY — NOT ACTIVATED. Technical claims, destination/form/tracking, audience, owner and human release approval remain required. Source URLs are unverified; no publishing or send authority.",source_provided_unverified,,,,
environmental,carousel ZIP — two independent brand versions,downloads/environmental-carousel-kit.zip,,True,13635758,609f4258cffa9d2e3ff45c7dc117537aaa1a7b74e22031737e78d77e6b3777a9,,,file_exported; activation_held,"REVIEW ONLY — NOT ACTIVATED. Technical claims, destination/form/tracking, audience, owner and human release approval remain required. Source URLs are unverified; no publishing or send authority.",source_provided_unverified,,,,
remote-equipment-m2m-connectivity,carousel ZIP — M2M Connectivity,downloads/remote-equipment-m2m-connectivity-carousel-kit.zip,,True,4973731,7980d7825bd235e9c66739c5e1139aafd9e60a5d65c5e8572a7db4557583c985,,,file_exported; activation_held,"REVIEW ONLY — NOT ACTIVATED. Technical claims, destination/form/tracking, audience, owner and human release approval remain required. Source URLs are unverified; no publishing or send authority.",source_provided_unverified,,,,
remote-equipment-m2m-one,carousel ZIP — M2M One,downloads/remote-equipment-m2m-one-carousel-kit.zip,,True,5010195,1459d8e420f6622d734ddeb364ec6969a733ff40dd160d982e7928eccba8a7a5,,,file_exported; activation_held,"REVIEW ONLY — NOT ACTIVATED. Technical claims, destination/form/tracking, audience, owner and human release approval remain required. Source URLs are unverified; no publishing or send authority.",source_provided_unverified,,,,
remote-equipment,carousel ZIP — two independent brand versions,downloads/remote-equipment-carousel-kit.zip,,True,9984064,e405bd3f78720c612d9a60ccc02bb3439aab2189bfde3e4ef13b8c08508c8432,,,file_exported; activation_held,"REVIEW ONLY — NOT ACTIVATED. Technical claims, destination/form/tracking, audience, owner and human release approval remain required. Source URLs are unverified; no publishing or send authority.",source_provided_unverified,,,,
field-safety-m2m-connectivity,carousel ZIP — M2M Connectivity,downloads/field-safety-m2m-connectivity-carousel-kit.zip,,True,5391335,f39c0c12e04578116da1ed5ded85c95472c509d1deb4a4f1a8399c805cbcf4ed,,,file_exported; activation_held,"REVIEW ONLY — NOT ACTIVATED. Technical claims, destination/form/tracking, audience, owner and human release approval remain required. Source URLs are unverified; no publishing or send authority.",source_provided_unverified,,,,
field-safety-m2m-one,carousel ZIP — M2M One,downloads/field-safety-m2m-one-carousel-kit.zip,,True,5463529,766e5c3d9dc4e386124dea06ca980fc0dfa8ecd4a630256ecde9026d82c3e5aa,,,file_exported; activation_held,"REVIEW ONLY — NOT ACTIVATED. Technical claims, destination/form/tracking, audience, owner and human release approval remain required. Source URLs are unverified; no publishing or send authority.",source_provided_unverified,,,,
field-safety,carousel ZIP — two independent brand versions,downloads/field-safety-carousel-kit.zip,,True,10855002,1634e04a1538721037133d52fa876e5d41e66356835d6268cd54ce25b0529144,,,file_exported; activation_held,"REVIEW ONLY — NOT ACTIVATED. Technical claims, destination/form/tracking, audience, owner and human release approval remain required. Source URLs are unverified; no publishing or send authority.",source_provided_unverified,,,,
e01,email ZIP,downloads/e01-email-kit.zip,,True,555001,71196429d25fa9a838394a9af8be87cc6c88b43c28a503577bf9905457a62038,,,file_exported; activation_held,"REVIEW ONLY — NOT ACTIVATED. Technical claims, destination/form/tracking, audience, owner and human release approval remain required. Source URLs are unverified; no publishing or send authority.",source_provided_unverified,,,,
e02,email ZIP,downloads/e02-email-kit.zip,,True,639786,c7ac817912f7530efb5093fa317dcfdb6994f66311a89e40645787920fb09cee,,,file_exported; activation_held,"REVIEW ONLY — NOT ACTIVATED. Technical claims, destination/form/tracking, audience, owner and human release approval remain required. Source URLs are unverified; no publishing or send authority.",source_provided_unverified,,,,
e03,email ZIP,downloads/e03-email-kit.zip,,True,760620,7267a28ead4ba093f32ce6667a8b533421266677f6eacf40df3ecbf52062f3e8,,,file_exported; activation_held,"REVIEW ONLY — NOT ACTIVATED. Technical claims, destination/form/tracking, audience, owner and human release approval remain required. Source URLs are unverified; no publishing or send authority.",source_provided_unverified,,,,
e04,email ZIP,downloads/e04-email-kit.zip,,True,570838,826ad92d56d5548942013d516d6b976458d2132852e3a2b73e7f0638c1562905,,,file_exported; activation_held,"REVIEW ONLY — NOT ACTIVATED. Technical claims, destination/form/tracking, audience, owner and human release approval remain required. Source URLs are unverified; no publishing or send authority.",source_provided_unverified,,,,
e05,email ZIP,downloads/e05-email-kit.zip,,True,723101,0193c031c44aab01627bf06cac591f687f9c54af219d422da07b923a80702dd0,,,file_exported; activation_held,"REVIEW ONLY — NOT ACTIVATED. Technical claims, destination/form/tracking, audience, owner and human release approval remain required. Source URLs are unverified; no publishing or send authority.",source_provided_unverified,,,,
e06,email ZIP,downloads/e06-email-kit.zip,,True,471644,6a0941473109e8e49763e9e1285e71e76f9661e2b1d1d3d0504d7bf63203571a,,,file_exported; activation_held,"REVIEW ONLY — NOT ACTIVATED. Technical claims, destination/form/tracking, audience, owner and human release approval remain required. Source URLs are unverified; no publishing or send authority.",source_provided_unverified,,,,
e07,email ZIP,downloads/e07-email-kit.zip,,True,547079,abb04a3d5a1d3c4dd926e561c3f1b10dedf6cfcba306a8206c6717e3ac0e4d48,,,file_exported; activation_held,"REVIEW ONLY — NOT ACTIVATED. Technical claims, destination/form/tracking, audience, owner and human release approval remain required. Source URLs are unverified; no publishing or send authority.",source_provided_unverified,,,,
e08,email ZIP,downloads/e08-email-kit.zip,,True,633548,107cc2a743dc05b74ba4d86832d2a9dc2d7f3ea90ca2996dcb0dca90cf7a4910,,,file_exported; activation_held,"REVIEW ONLY — NOT ACTIVATED. Technical claims, destination/form/tracking, audience, owner and human release approval remain required. Source URLs are unverified; no publishing or send authority.",source_provided_unverified,,,,
